id,name,atlas,icon,model,type,level,property,desc,price,npc_price,low_price_m,low_price_d,transaction,amount_cap,use,effect,effect_val,effect2_val,
v:number,v:string,v:string,v:string,v:string,v:number,v:number,v:number,v:string,v:number,v:number,v:number,v:number,v:number,v:number,v:number,v:number,v:number,v:number,
道具ID,道具名称,图集,图标,对应模型(宝箱，钥匙，袋子有模型),类别(分类:1-金币资源/2-钻石资源/3-能量资源/4-图纸资源/5-可生产资源/6-副本资源/7-袋子资源/8-宝箱资源/9-钥匙资源/10-融合石资源/11-城市突袭成就资源/12-勇士币/13-英雄/14-工匠/15-特殊装备材料/16-指定装备的图纸/17-转盘开启消耗/18-英雄经验卡/19-英雄转职道具/20-副本减少冒险与休息时间道具/21-副本增加产量道具/22-副本攻击加成道具/23-恢复英雄道具/24-副本经验获得加成道具/25-修复装备道具/26-直接获得装备/27-活跃度/28-礼包/29-联盟币/30-联盟积分/31-联盟声望/40-家具/41-店主装饰/42-英雄卡/43-制作槽位数/44-冒险队列数/45-店铺等级/46-英雄栏位数/47-交易栏位数/48-巧匠奖杯/49-升星道具/50-英雄基因药水/51-宠物皮肤/53-夺宝奖章/54-悬赏活动任务道具/55-勇气挑战活动积分/56-酒吧抽奖券),物品等级-悬赏用（1~24）,品质（1-白色，2-绿色，3-蓝色，4-紫色，5-橙色）,道具说明,自动购买价格（钻石）,工匠贩卖价格（价格为0则跳过，不卖）,最低售价(金币),最低售价(钻石),是否可以交易贸易行：1-可交易，2-不可交易,市场金条出售上限(不包含装备),是否可以使用：1-可以，2不可以,使用效果(英雄及英雄卡对应的是英雄职业id，图纸则为装备id)  工匠类型的话，关联到工匠表里面。礼包关联drop表的掉落id，直接获得装备类，对应到equip的表内。如果为50类型，此处效果1-代表生命，2-代表防御，3-代表攻击。如果为51类型，此处效果对应宠物id,关联参数效果（英雄/英雄卡对应给固定的资质）,关联参数2效果（英雄给的天赋组ID，英雄卡给的是天赋ID -hero_talent_database配置表内id）,
10001,新币,__common_1,zhuejiemian_meiyuan,,1,,4,游戏货币，用于建设城市，商店，购买装备材料,,,,,2,,2,,,,
10002,金条,__common_1,zhuejiemian_jinkuai,,2,,5,高级货币，用于快速制作，扩建店铺，开启宝箱等,,,,,2,,2,,,,
10003,能量,__common_1,zhuejiemian_tili,,3,,2,特色资源，可以进行砍价涨价，推荐商品,,,,,2,,2,,,,
10004,图纸碎片,item_atlas,10004,,4,,3,图纸碎片，可解锁更多装备图纸,,,,,2,,2,,,,
10005,联盟币,__common_1,lianmeng_limengbi,,29,,3,联盟币，帮助联盟成员、投资、完成悬赏可以获得，用来购买联盟资源包。,,,,,2,,1,,,,
10006,联盟声望,__common_1,lianmeng_shengwang,,30,,3,联盟声望:联盟代币m完成悬赏任务获得每周联盟声望,,,,,2,,1,,,,
10008,联盟勋章,__common_1,lianmeng_xunzhang,,31,,3,联盟勋章，可以用来升级联盟科技，开启联盟技能,,,,,2,,1,,,,
10007,活跃度,task_atlas,renwu_huoyuedu,,27,,3,活跃度，每日任务获得,,,,,2,,2,,,,
10009,巧匠奖杯,activity_qjds_atlas,qiaojiang_jiangbei,,48,,5,巧匠奖杯，参加巧匠大赛可以获得，可兑换活动图纸等稀有奖励。,,,,,2,,1,,,,
10011,夺宝奖章,goldenCity_atlas,jinboli_jifen,,53,,5,夺宝奇兵活动积分，可兑换专属材料和家具等稀有奖励,,,,,2,,1,,,,
10013,金色勋章,activity_point_atlas,hodong_jinsexz,,54,,5,金色勋章，通过完成特殊任务获得，可在活动商城中兑换奖励,,,,,2,,1,,,,
10014,纪念币,activity_point_atlas,hodong_jinianbi,,54,,5,纪念币，通过完成悬赏任务获得，可在兑换商城中兑换奖励,,,,,2,,1,,,,
10015,圣诞雪花,activity_scoreAwardGame_atlas,shengdan_xuehua,,55,,5,圣诞节活动专属积分，可兑换勇气挑战活动专属奖励,,,,,2,,1,,,,
20001,铁,item_atlas,icon_ziyuan3,,5,,2,铁,1,20,,,2,,2,,,,
20002,木,item_atlas,icon_ziyuan7,,5,,2,木,1,20,,,2,,2,,,,
20003,皮,item_atlas,icon_ziyuan10,,5,,2,皮,1,20,,,2,,2,,,,
20004,化学药剂,item_atlas,icon_ziyuan9,,5,,2,化学药剂,2,20,,,2,,2,,,,
20005,钢,item_atlas,icon_ziyuan8,,5,,3,钢,2,75,,,2,,2,,,,
20006,橡胶,item_atlas,icon_ziyuan1,,5,,3,橡胶,2,75,,,2,,2,,,,
20007,布料,item_atlas,icon_ziyuan6,,5,,3,布料,2,75,,,2,,2,,,,
20008,石油,item_atlas,icon_ziyuan4,,5,,3,石油,3,75,,,2,,2,,,,
20009,电路元件,item_atlas,icon_ziyuan5,,5,,4,电路元件,3,1250,,,2,,2,,,,
20010,玻璃,item_atlas,icon_ziyuan2,,5,,4,玻璃,3,1250,,,2,,2,,,,
30001,辐射血液,item_atlas,30001,,6,1,3,特殊材料，用于制作高阶装备,,40,100,2,1,500,2,,,,
30002,变异骨头,item_atlas,30002,,6,2,3,特殊材料，用于制作高阶装备,,44,110,2,1,500,2,,,,
30003,工程塑料,item_atlas,30003,,6,3,3,特殊材料，用于制作高阶装备,,48,120,2,1,500,2,,,,
30004,变异树脂,item_atlas,30004,,6,4,3,特殊材料，用于制作高阶装备,,160,400,2,1,500,2,,,,
30005,中和溶液,item_atlas,30005,,6,5,3,特殊材料，用于制作高阶装备,,180,450,2,1,500,2,,,,
30006,高分子涂料,item_atlas,30006,,6,6,3,特殊材料，用于制作高阶装备,,200,500,2,1,500,2,,,,
30007,食人藤曼,item_atlas,30007,,6,7,3,特殊材料，用于制作高阶装备,,360,900,5,1,500,2,,,,
30008,蓝晶石,item_atlas,30008,,6,8,3,特殊材料，用于制作高阶装备,,400,1000,0,1,500,2,,,,
30009,碳纳米管,item_atlas,30009,,6,9,3,特殊材料，用于制作高阶装备,,460,1150,5,1,500,2,,,,
30010,超合金,item_atlas,30010,,6,10,3,特殊材料，用于制作高阶装备,,800,2000,3,1,500,2,,,,
30011,液态金属,item_atlas,30011,,6,11,3,特殊材料，用于制作高阶装备,,900,2250,3,1,500,2,,,,
30012,艾德曼合金,item_atlas,30012,,6,12,3,特殊材料，用于制作高阶装备,,1000,2500,5,1,500,2,,,,
30013,坦桑原石,item_atlas,30013,,6,13,3,特殊材料，用于制作高阶装备,,2000,5000,10,1,500,2,,,,
30014,薄膜面料,item_atlas,30014,,6,14,3,特殊材料，用于制作高阶装备,,2200,5500,0,1,500,2,,,,
30015,强力黏液,item_atlas,30015,,6,15,3,特殊材料，用于制作高阶装备,,2400,6000,0,1,500,2,,,,
30016,复合纤维,item_atlas,30016,,6,16,3,特殊材料，用于制作高阶装备,,3200,8000,0,1,500,2,,,,
30017,变异结核,item_atlas,30017,,6,17,3,特殊材料，用于制作高阶装备,,3600,9000,3,1,500,2,,,,
30018,能量晶体,item_atlas,30018,,6,18,3,特殊材料，用于制作高阶装备,,4000,10000,200,1,500,2,,,,
30019,单晶矿,item_atlas,30019,,6,19,3,特殊材料，用于制作高阶装备,,20000,50000,0,1,500,2,,,,
30020,稀有结核,item_atlas,30020,,6,20,3,特殊材料，用于制作高阶装备,,28000,70000,3,1,500,2,,,,
30021,超级电池,item_atlas,30021,,6,21,3,特殊材料，用于制作高阶装备,,36000,90000,5,1,500,2,,,,
30022,变异鳞片,item_atlas,30022,,6,22,3,特殊材料，用于制作高阶装备,,44000,110000,0,1,500,2,,,,
30023,催化剂,item_atlas,30023,,6,23,3,特殊材料，用于制作高阶装备,,52000,130000,4,1,500,2,,,,
30024,高能聚合棒,item_atlas,30024,,6,24,3,特殊材料，用于制作高阶装备,,60000,150000,5,1,500,2,,,,
30051,彩钻,item_atlas,30051,,6,,3,特殊材料，用于制作夺宝奇兵活动专属装备,,0,100000,5,1,500,2,,,,
50001,军用补给箱,item_atlas,50001,icon_muxiang,8,1,5,军用补给箱，探索有概率获得，开启可以获得珍贵道具和专属装备图纸。,,,25,2,1,5000,2,,,,
50002,普通密码箱,item_atlas,50002,icon_muxiang,8,2,5,普通密码箱，探索有概率获得，开启可以获得珍贵道具和专属装备图纸。,,,50,3,1,5000,2,,,,
50003,保险柜,item_atlas,50003,icon_muxiang,8,3,5,保险柜，探索有概率获得，开启可以获得珍贵道具和专属装备图纸。,,,100,3,1,5000,2,,,,
50004,稀有保险柜,item_atlas,50004,icon_muxiang,8,4,5,稀有保险柜，探索有概率获得，开启可以获得珍贵道具和专属装备图纸。,,,250,8,1,5000,2,,,,
50005,胜利宝箱,item_atlas,50005,icon_muxiang,8,5,5,胜利宝箱，探索有概率获得，开启可以获得珍贵道具和专属装备图纸。,,,750,16,1,5000,2,,,,
50006,无畏宝箱,item_atlas,50006,icon_muxiang,8,6,5,无畏宝箱，探索有概率获得，开启可以获得珍贵道具和专属装备图纸。,,,750,16,1,5000,2,,,,
50007,合金宝箱,item_atlas,50007,icon_muxiang,8,7,5,未知合金宝箱，探索有概率获得，开启可以获得珍贵道具和专属装备图纸。,,,750,16,1,5000,2,,,,
50008,时间能量胶囊,item_atlas,icon_muxiang,icon_muxiang,8,8,5,时间能量胶囊，探索有概率获得，开启可以获得珍贵道具和专属装备图纸。,,,750,16,1,5000,2,,,,
50009,奇兵宝箱,item_atlas,50009,icon_muxiang,8,,5,夺宝奇兵活动专属宝箱，参加活动有概率获得，开启可以获得珍贵道具和专属装备图纸,,,1000,16,1,5000,2,,,,
60001,补给箱IC卡,item_atlas,60001,muyaoshi,9,,5,补给箱IC卡，开启军用补给箱所需道具。,50,,25,5,2,,2,,,,
60002,密码箱IC卡,item_atlas,60002,piyaoshi,9,,5,密码箱IC卡，开启普通密码箱所需道具。,75,,50,5,2,,2,,,,
60003,保险柜IC卡,item_atlas,60003,tieyaoshi,9,,5,保险柜IC卡，开启保险柜所需道具。,100,,100,30,2,,2,,,,
60004,稀有保险柜IC卡,item_atlas,60004,jinyaoshi,9,,5,稀有保险柜IC卡，开启稀有保险柜所需道具。,150,,250,88,2,,2,,,,
60005,胜利宝箱IC卡,item_atlas,60005,shizuyaoshi,9,,5,胜利宝箱IC卡，开启胜利宝箱所需道具。,200,,750,150,2,,2,,,,
60006,无畏宝箱IC卡,item_atlas,60006,mofayaoshi,9,,5,无畏宝箱IC卡，开启无畏宝箱所需道具。,300,,750,150,2,,2,,,,
60007,合金宝箱密码卡,item_atlas,60007,airenyaoshi,9,,5,合金宝箱密码卡，开启未知合金宝箱所需道具。,400,,750,150,2,,2,,,,
60008,胶囊核心,item_atlas,icon_muxiangyaoshi,airenyaoshi,9,,5,胶囊核心，开启时间能量胶囊所需道具。,,,,,2,,2,,,,
60009,奇兵IC卡,item_atlas,60009,airenyaoshi,9,,5,夺宝奇兵活动专属IC卡，开启奇兵宝箱所需道具,200,,750,150,2,,2,,,,
70001,超凡升星卡,item_atlas,uapn10,,49,,1,审判日前遗留的装备研究数据存储件，用于装备升星改造！,,,,,2,,2,,,,
80001,生命基因,item_atlas,jiyinyaoshui_lv,,50,,1,审判日前基因科技的产物，对英雄使用可以永久提升其100点生命值。,,,,,2,,2,1,100,,
80002,防御基因,item_atlas,jiyinyaoshui_huang,,50,,1,审判日前基因科技的产物，对英雄使用可以永久提升其3点防御值。,,,,,2,,2,2,3,,
80003,力量基因,item_atlas,jiyinyaoshui_hong,,50,,1,审判日前基因科技的产物，对英雄使用可以永久提升其5点攻击值。,,,,,2,,2,3,5,,
90001,普通转职证书,item_atlas,90001,,19,,3,用于英雄的转职所需道具。,,,,,2,,2,,,,
90002,护卫进阶凭证,item_atlas,90002,,19,,3,以护卫为基础职业的英雄进阶所需之物。,,,,,2,,2,,,,
90003,突击手进阶凭证,item_atlas,90003,,19,,3,以突击手为基础职业的英雄进阶所需之物。,,,,,2,,2,,,,
90004,指挥官进阶凭证,item_atlas,90004,,19,,3,以指挥官为基础职业的英雄进阶所需之物。,,,,,2,,2,,,,
90005,射手进阶凭证,item_atlas,90005,,19,,3,以射手为基础职业的英雄进阶所需之物。,,,,,2,,2,,,,
90006,侦探进阶凭证,item_atlas,90006,,19,,3,以侦探为基础职业的英雄进阶所需之物。,,,,,2,,2,,,,
90007,忍者进阶凭证,item_atlas,90007,,19,,3,以忍者为基础职业的英雄进阶所需之物。,,,,,2,,2,,,,
90008,医生进阶凭证,item_atlas,90008,,19,,3,以医生为基础职业的英雄进阶所需之物。,,,,,2,,2,,,,
90009,教授进阶凭证,item_atlas,90009,,19,,3,以教授为基础职业的英雄进阶所需之物。,,,,,2,,2,,,,
90010,修士进阶凭证,item_atlas,90010,,19,,3,以修士为基础职业的英雄进阶所需之物。,,,,,2,,2,,,,
90011,精英转职证书,item_atlas,90011,,19,,3,用于英雄的精英职业晋升道具。,,,,,2,,2,,,,
90012,王牌转职证书,item_atlas,90012,,19,,4,用于英雄的王牌职业晋升道具。,,,,,2,,2,,,,
90013,传奇转职证书,item_atlas,90013,,19,,5,用于英雄的传奇职业晋升道具。,,,,,2,,2,,,,
100001,优秀战士,item_atlas,shenmidai,shenmidai,13,,2,可以获得1星战士,,,,,2,,1,10001,11,100,
100002,精英战士,item_atlas,shenmidai,shenmidai,13,,3,可以获得2星战士,,,,,2,,1,10001,21,101,
100003,稀有战士,item_atlas,shenmidai,shenmidai,13,,4,可以获得3星战士,,,,,2,,1,10001,31,102,
100004,传奇战士,item_atlas,shenmidai,shenmidai,13,,5,可以获得4星战士,,,,,2,,1,10001,41,103,
100005,优秀猎人,item_atlas,shenmidai,shenmidai,13,,2,可以获得1星猎人,,,,,2,,1,20001,11,200,
100006,精英猎人,item_atlas,shenmidai,shenmidai,13,,3,可以获得2星猎人,,,,,2,,1,20001,21,201,
100007,稀有猎人,item_atlas,shenmidai,shenmidai,13,,4,可以获得3星猎人,,,,,2,,1,20001,31,202,
100008,传奇猎人,item_atlas,shenmidai,shenmidai,13,,5,可以获得4星猎人,,,,,2,,1,20001,41,203,
100009,优秀学者,item_atlas,shenmidai,shenmidai,13,,2,可以获得1星学者,,,,,2,,1,30001,11,300,
100010,精英学者,item_atlas,shenmidai,shenmidai,13,,3,可以获得2星学者,,,,,2,,1,30001,21,301,
100011,稀有学者,item_atlas,shenmidai,shenmidai,13,,4,可以获得3星学者,,,,,2,,1,30001,31,302,
100012,传奇学者,item_atlas,shenmidai,shenmidai,13,,5,可以获得4星学者,,,,,2,,1,30001,41,303,
110001,威廉,portrait_atlas,gongjiang_weilian,shenmidai,14,,4,铸造专家，制作利刃和重甲的基础工匠。,,,,,2,,1,1,,,
110002,约翰,portrait_atlas,gongjiang_yuehan,shenmidai,14,,4,木材加工专家，制作钝器非他不可。,,,,,2,,1,2,,,
110003,琳,portrait_atlas,gongjiang_lin,shenmidai,14,,4,服装设计师，制作衣服和裤子的基础工匠。,,,,,2,,1,3,,,
110004,左纳,portrait_atlas,gongjiang_zuona,shenmidai,14,,4,手工专家，制作鞋子的基础工匠。,,,,,2,,1,4,,,
110005,艾拉,portrait_atlas,gongjiang_ailiya,shenmidai,14,,4,化学专家，制作药品类的基础工匠。,,,,,2,,1,5,,,
110006,伊利欧斯,portrait_atlas,gongjiang_yiliousi,shenmidai,14,,4,枪械装配师，擅长制作霰弹枪。,,,,,2,,1,6,,,
110007,劳伦斯,portrait_atlas,npc_laolunsi,shenmidai,14,,4,工程师，擅长制作工具和暗器。,,,,,2,,1,7,,,
110008,西恩,portrait_atlas,gongjiang_xien,shenmidai,14,,5,精密加工专家，擅长制作狙击枪。,,,,,2,,1,8,,,
110009,阿芙莉亚,portrait_atlas,gongjiang_ruiya,shenmidai,14,,5,首饰设计师，擅长制作首饰类装备。,,,,,2,,1,9,,,
110010,亚历山大,portrait_atlas,gongjiang_yalishanda,shenmidai,14,,5,工程院士，擅长制作重型武器。,,,,,2,,1,10,,,
120001,变异鼠脊髓,item_atlas,shenmidai,shenmidai,15,,1,变异鼠脊髓,,,,,1,,1,,,,
120002,变异蛇毒,item_atlas,shenmidai,shenmidai,15,,1,变异蛇毒,,,,,1,,1,,,,
120003,X-31型电池,item_atlas,shenmidai,shenmidai,15,,1,X-31型电池,,,,,1,,1,,,,
130001,便携交通工具,item_atlas,130001,shenmidai,20,,2,探索以及休息时间减少20%,,,,,2,,1,20,,,
130002,轻型机动车,item_atlas,130002,shenmidai,20,,3,探索以及休息时间减少50%,,,,,2,,1,50,,,
130003,大型机动车,item_atlas,130003,shenmidai,20,,4,探索以及休息时间减少80%,,,,,2,,1,80,,,
130100,初级探测器,item_atlas,130100,shenmidai,21,,2,探索获得战利品增加50%,,,,,2,,1,50,,,
130101,中级探测器,item_atlas,130101,shenmidai,21,,3,探索获得战利品增加100%,,,,,2,,1,100,,,
130102,高级探测器,item_atlas,130102,shenmidai,21,,4,探索获得战利品增加150%,,,,,2,,1,150,,,
130200,初级战斗辅助器,item_atlas,130200,shenmidai,22,,2,探索中队伍攻击增加50%,,,,,2,,1,50,,,
130201,中级战斗辅助器,item_atlas,130201,shenmidai,22,,3,探索中队伍攻击增加100%,,,,,2,,1,100,,,
130202,高级战斗辅助器,item_atlas,130202,shenmidai,22,,4,探索中队伍攻击增加150%,,,,,2,,1,150,,,
130300,初级经验增幅仪,item_atlas,130300,shenmidai,24,,2,探索中队伍获得经验加50%,,,,,2,,1,50,,,
130301,中级经验增幅仪,item_atlas,130301,shenmidai,24,,3,探索中队伍获得经验加100%,,,,,2,,1,100,,,
130302,高级经验增幅仪,item_atlas,130302,shenmidai,24,,4,探索中队伍获得经验加200%,,,,,2,,1,200,,,
130400,维修工具,item_atlas,130400,shenmidai,25,,4,修复装备所需工具,,,,,2,,1,,,,
140001,幸运转盘,item_atlas,zhuejiemian_zhuanpan,mofayaoshi,17,,5,幸运转盘,,,,,2,,1,,,,
140002,酒吧刷新券,item_atlas_newAdd,jiubajiangquan,mofayaoshi,56,,5,酒吧老板请客！在酒馆中使用可刷新英雄,,,,,2,,1,,,,
150001,恢复药水,item_atlas,150001,yumao,23,,5,用于英雄群体休息加速,,,,,2,,1,2,,,
150002,功能饮料,item_atlas,150002,yinliao,23,,4,用于单个英雄休息加速,,,,,2,,1,1,,,
150003,初级训练卡,item_atlas,150003,chujixunlianka,18,,3,为英雄增加50点经验值,,,,,2,,1,50,,,
150004,中级训练卡,item_atlas,150004,zhongjixunlianka,18,,4,为英雄增加100点经验值,,,,,2,,1,100,,,
150005,高级训练卡,item_atlas,150005,gaojixunlianka,18,,5,为英雄增加500点经验值,,,,,2,,1,500,,,
150006,小型经验箱,item_atlas_newAdd,jingyanxiang01,chujixunlianka,18,,5,为英雄增加5000点经验值,,,,,2,,1,5000,,,
150007,中型经验箱,item_atlas_newAdd,jingyanxiang02,zhongjixunlianka,18,,5,为英雄增加20000点经验值,,,,,2,,1,20000,,,
150008,大型经验箱,item_atlas_newAdd,jingyanxiang03,gaojixunlianka,18,,5,为英雄增加50000点经验值,,,,,2,,1,50000,,,
161010,砍刀,item_atlas,shenmidai,shenmidai,16,,4,砍刀的制作图纸，获得后就能学会制作该装备。,,,,,2,,1,1010,,,
161020,拳刺,item_atlas,shenmidai,shenmidai,16,,4,拳刺的制作图纸，获得后就能学会制作该装备。,,,,,2,,1,1020,,,
161030,铁斧,item_atlas,shenmidai,shenmidai,16,,4,铁斧的制作图纸，获得后就能学会制作该装备。,,,,,2,,1,1030,,,
161050,消防斧,item_atlas,shenmidai,shenmidai,16,,4,消防斧的制作图纸，获得后就能学会制作该装备。,,,,,2,,1,1050,,,
161060,钢斧,item_atlas,shenmidai,shenmidai,16,,4,钢斧的制作图纸，获得后就能学会制作该装备。,,,,,2,,1,1060,,,
161070,合金斧,item_atlas,shenmidai,shenmidai,16,,4,合金斧的制作图纸，获得后就能学会制作该装备。,,,,,2,,1,1070,,,
161080,锯齿刀,item_atlas,shenmidai,shenmidai,16,,4,锯齿刀的制作图纸，获得后就能学会制作该装备。,,,,,2,,1,1080,,,
161090,斩马刀,item_atlas,shenmidai,shenmidai,16,,4,斩马刀的制作图纸，获得后就能学会制作该装备。,,,,,2,,1,1090,,,
161120,长刀,item_atlas,shenmidai,shenmidai,16,,4,长刀的制作图纸，获得后就能学会制作该装备。,,,,,2,,1,1120,,,
161130,双刃战斧,item_atlas,shenmidai,shenmidai,16,,4,双刃战斧的制作图纸，获得后就能学会制作该装备。,,,,,2,,1,1130,,,
161040,反曲刀,item_atlas,shenmidai,shenmidai,16,,4,反曲刀的制作图纸，获得后就能学会制作该装备。,,,,,2,,1,1040,,,
161100,铝合金斧,item_atlas,shenmidai,shenmidai,16,,4,铝合金斧的制作图纸，获得后就能学会制作该装备。,,,,,2,,1,1100,,,
161110,钛合金斧,item_atlas,shenmidai,shenmidai,16,,4,钛合金斧的制作图纸，获得后就能学会制作该装备。,,,,,2,,1,1110,,,
161140,切割之刃,item_atlas,shenmidai,shenmidai,16,,4,切割之刃的制作图纸，获得后就能学会制作该装备。,,,,,2,,1,1140,,,
161150,战术匕首,item_atlas,shenmidai,shenmidai,16,,4,主要用于近距离搏击的武器，虽然短小但灵活性强，是勇士们最喜欢的武器之一。,,,,,2,,1,1150,,,
161160,源氏刃,item_atlas,shenmidai,shenmidai,16,,4,源氏刃的制作图纸，获得后就能学会制作该装备。,,,,,2,,1,1160,,,
161170,鬼头镰刀图纸,Equip_Icon02_atlas,icon_1170,shenmidai,16,,4,鬼头镰刀图纸的制作图纸，获得后就能学会制作该装备。,,,,,2,,1,1170,,,
161180,金伯利彩刃,item_atlas,shenmidai,shenmidai,16,,4,金伯利彩刃的制作图纸，获得后就能学会制作该装备。,,,,,2,,1,1180,,,
161190,钢爪,item_atlas,shenmidai,shenmidai,16,,4,钢爪的制作图纸，获得后就能学会制作该装备。,,,,,2,,1,1190,,,
162010,粗壮树干,item_atlas,shenmidai,shenmidai,16,,4,粗壮树干的制作图纸，获得后就能学会制作该装备。,,,,,2,,1,2010,,,
162020,铁丝球棍,item_atlas,shenmidai,shenmidai,16,,4,铁丝球棍的制作图纸，获得后就能学会制作该装备。,,,,,2,,1,2020,,,
162030,火把,item_atlas,shenmidai,shenmidai,16,,4,火把的制作图纸，获得后就能学会制作该装备。,,,,,2,,1,2030,,,
162040,灭火器,item_atlas,shenmidai,shenmidai,16,,4,灭火器的制作图纸，获得后就能学会制作该装备。,,,,,2,,1,2040,,,
162060,钢棍,item_atlas,shenmidai,shenmidai,16,,4,钢棍的制作图纸，获得后就能学会制作该装备。,,,,,2,,1,2060,,,
162070,警棍,item_atlas,shenmidai,shenmidai,16,,4,警棍的制作图纸，获得后就能学会制作该装备。,,,,,2,,1,2070,,,
162080,战锤,item_atlas,shenmidai,shenmidai,16,,4,战锤的制作图纸，获得后就能学会制作该装备。,,,,,2,,1,2080,,,
162100,电击棍,item_atlas,shenmidai,shenmidai,16,,4,电击棍的制作图纸，获得后就能学会制作该装备。,,,,,2,,1,2100,,,
162110,碎骨锤,item_atlas,shenmidai,shenmidai,16,,4,碎骨锤的制作图纸，获得后就能学会制作该装备。,,,,,2,,1,2110,,,
162130,机械动力臂钉锤,item_atlas,shenmidai,shenmidai,16,,4,机械动力臂钉锤的制作图纸，获得后就能学会制作该装备。,,,,,2,,1,2130,,,
162050,石锤,item_atlas,shenmidai,shenmidai,16,,4,石锤的制作图纸，获得后就能学会制作该装备。,,,,,2,,1,2050,,,
162090,页锤,item_atlas,shenmidai,shenmidai,16,,4,页锤的制作图纸，获得后就能学会制作该装备。,,,,,2,,1,2090,,,
162120,雷神锤,item_atlas,shenmidai,shenmidai,16,,4,雷神锤的制作图纸，获得后就能学会制作该装备。,,,,,2,,1,2120,,,
162140,巨无霸喷气战锤,item_atlas,shenmidai,shenmidai,16,,4,巨无霸喷气战锤的制作图纸，获得后就能学会制作该装备。,,,,,2,,1,2140,,,
162150,工兵铲,item_atlas,shenmidai,shenmidai,16,,4,非常普遍的平民武器，几乎每个人家里都会备上一个，非战斗时期还可以用来工作使用。,,,,,2,,1,2150,,,
162160,平底锅,item_atlas,shenmidai,shenmidai,16,,4,无论何时何地都能寻找到的武器，虽然并不像武器，但也有不小的杀伤力。,,,,,2,,1,2160,,,
162170,拐杖糖,item_atlas,shenmidai,shenmidai,16,,4,拐杖糖的制作图纸，获得后就能学会制作该装备。,,,,,2,,1,2170,,,
162180,折凳,item_atlas,shenmidai,shenmidai,16,,4,折凳的制作图纸，获得后就能学会制作该装备。,,,,,2,,1,2180,,,
163010,简易弓,item_atlas,shenmidai,shenmidai,16,,4,简易弓的制作图纸，获得后就能学会制作该装备。,,,,,2,,1,3010,,,
163030,竞技用反曲弓,item_atlas,shenmidai,shenmidai,16,,4,竞技用反曲弓的制作图纸，获得后就能学会制作该装备。,,,,,2,,1,3030,,,
163040,碳素蜘蛛弓,item_atlas,shenmidai,shenmidai,16,,4,碳素蜘蛛弓的制作图纸，获得后就能学会制作该装备。,,,,,2,,1,3040,,,
163050,夜视复合弓,item_atlas,shenmidai,shenmidai,16,,4,夜视复合弓的制作图纸，获得后就能学会制作该装备。,,,,,2,,1,3050,,,
163060,散射合金弓,item_atlas,shenmidai,shenmidai,16,,4,散射合金弓的制作图纸，获得后就能学会制作该装备。,,,,,2,,1,3060,,,
163070,切割者圆锯弓,item_atlas,shenmidai,shenmidai,16,,4,切割者圆锯弓的制作图纸，获得后就能学会制作该装备。,,,,,2,,1,3070,,,
163090,穿墙者爆破弓,item_atlas,shenmidai,shenmidai,16,,4,穿墙者爆破弓的制作图纸，获得后就能学会制作该装备。,,,,,2,,1,3090,,,
163100,电网发射弓,item_atlas,shenmidai,shenmidai,16,,4,电网发射弓的制作图纸，获得后就能学会制作该装备。,,,,,2,,1,3100,,,
163110,响尾蛇热感弓,item_atlas,shenmidai,shenmidai,16,,4,响尾蛇热感弓的制作图纸，获得后就能学会制作该装备。,,,,,2,,1,3110,,,
163120,粒子能量聚合弓,item_atlas,shenmidai,shenmidai,16,,4,粒子能量聚合弓的制作图纸，获得后就能学会制作该装备。,,,,,2,,1,3120,,,
163020,专家复合弓,item_atlas,shenmidai,shenmidai,16,,4,专家复合弓的制作图纸，获得后就能学会制作该装备。,,,,,2,,1,3020,,,
163080,毒瓶弓,item_atlas,shenmidai,shenmidai,16,,4,毒瓶弓的制作图纸，获得后就能学会制作该装备。,,,,,2,,1,3080,,,
163130,高压弹力弓,item_atlas,shenmidai,shenmidai,16,,4,高压弹力弓的制作图纸，获得后就能学会制作该装备。,,,,,2,,1,3130,,,
163140,金伯利十字弩,item_atlas,shenmidai,shenmidai,16,,4,金伯利十字弩的制作图纸，获得后就能学会制作该装备。,,,,,2,,1,3140,,,
164010,左轮手枪,item_atlas,shenmidai,shenmidai,16,,4,左轮手枪的制作图纸，获得后就能学会制作该装备。,,,,,2,,1,4010,,,
164020,勇者战争手枪,item_atlas,shenmidai,shenmidai,16,,4,勇者战争手枪的制作图纸，获得后就能学会制作该装备。,,,,,2,,1,4020,,,
164030,Z5左轮手枪,item_atlas,shenmidai,shenmidai,16,,4,Z5左轮手枪的制作图纸，获得后就能学会制作该装备。,,,,,2,,1,4030,,,
164040,幸运儿左轮手枪,item_atlas,shenmidai,shenmidai,16,,4,幸运儿左轮手枪的制作图纸，获得后就能学会制作该装备。,,,,,2,,1,4040,,,
164050,废土之鹰,item_atlas,shenmidai,shenmidai,16,,4,废土之鹰的制作图纸，获得后就能学会制作该装备。,,,,,2,,1,4050,,,
164060,暗杀者手枪,item_atlas,shenmidai,shenmidai,16,,4,暗杀者手枪的制作图纸，获得后就能学会制作该装备。,,,,,2,,1,4060,,,
164080,M18手枪,item_atlas,shenmidai,shenmidai,16,,4,M18手枪的制作图纸，获得后就能学会制作该装备。,,,,,2,,1,4080,,,
164090,闪雷电浆冲锋枪,item_atlas,shenmidai,shenmidai,16,,4,闪雷电浆冲锋枪的制作图纸，获得后就能学会制作该装备。,,,,,2,,1,4090,,,
164100,小矮人射线手枪,item_atlas,shenmidai,shenmidai,16,,4,小矮人射线手枪的制作图纸，获得后就能学会制作该装备。,,,,,2,,1,4100,,,
164120,冻结之星手枪,item_atlas,shenmidai,shenmidai,16,,4,冻结之星手枪的制作图纸，获得后就能学会制作该装备。,,,,,2,,1,4120,,,
164070,末世UZI,item_atlas,shenmidai,shenmidai,16,,4,末世UZI的制作图纸，获得后就能学会制作该装备。,,,,,2,,1,4070,,,
164110,溶解液短枪,item_atlas,shenmidai,shenmidai,16,,4,溶解液短枪的制作图纸，获得后就能学会制作该装备。,,,,,2,,1,4110,,,
164130,伽马射线手枪,item_atlas,shenmidai,shenmidai,16,,4,伽马射线手枪的制作图纸，获得后就能学会制作该装备。,,,,,2,,1,4130,,,
164140,蝎式手枪,item_atlas,shenmidai,shenmidai,16,,4,曾风靡一时的轻型手枪，如今作为收藏品依旧深受欢迎，无论男女都能轻松驾驭。,,,,,2,,1,4140,,,
164150,爆能手枪,item_atlas,shenmidai,shenmidai,16,,4,爆能手枪的制作图纸，获得后就能学会制作该装备。,,,,,2,,1,4150,,,
164160,南瓜手枪,item_atlas,shenmidai,shenmidai,16,,4,南瓜手枪的制作图纸，获得后就能学会制作该装备。,,,,,2,,1,4160,,,
164170,多管燧发手枪图纸,Equip_Icon02_atlas,icon_4170,shenmidai,16,,4,多管燧发手枪图纸的制作图纸，获得后就能学会制作该装备。,,,,,2,,1,4170,,,
164180,金伯利彩弹短枪,item_atlas,shenmidai,shenmidai,16,,4,金伯利彩弹短枪的制作图纸，获得后就能学会制作该装备。,,,,,2,,1,4180,,,
165010,蒙德拉贡步枪,item_atlas,shenmidai,shenmidai,16,,4,蒙德拉贡步枪的制作图纸，获得后就能学会制作该装备。,,,,,2,,1,5010,,,
165020,UZI冲锋枪,item_atlas,shenmidai,shenmidai,16,,4,UZI冲锋枪的制作图纸，获得后就能学会制作该装备。,,,,,2,,1,5020,,,
165030,95式冲锋步枪,item_atlas,shenmidai,shenmidai,16,,4,95式冲锋步枪的制作图纸，获得后就能学会制作该装备。,,,,,2,,1,5030,,,
165050,UMP9冲锋枪,item_atlas,shenmidai,shenmidai,16,,4,UMP9冲锋枪的制作图纸，获得后就能学会制作该装备。,,,,,2,,1,5050,,,
165060,AK47突击步枪,item_atlas,shenmidai,shenmidai,16,,4,AK47突击步枪的制作图纸，获得后就能学会制作该装备。,,,,,2,,1,5060,,,
165080,M416突击步枪,item_atlas,shenmidai,shenmidai,16,,4,M416突击步枪的制作图纸，获得后就能学会制作该装备。,,,,,2,,1,5080,,,
165090,塔沃夫突击步枪,item_atlas,shenmidai,shenmidai,16,,4,塔沃夫突击步枪的制作图纸，获得后就能学会制作该装备。,,,,,2,,1,5090,,,
165100,G36C突击枪,item_atlas,shenmidai,shenmidai,16,,4,G36C突击枪的制作图纸，获得后就能学会制作该装备。,,,,,2,,1,5100,,,
165120,FAMAS突击枪,item_atlas,shenmidai,shenmidai,16,,4,FAMAS突击枪的制作图纸，获得后就能学会制作该装备。,,,,,2,,1,5120,,,
165140,粒子能量步枪,item_atlas,shenmidai,shenmidai,16,,4,粒子能量步枪的制作图纸，获得后就能学会制作该装备。,,,,,2,,1,5140,,,
165040,汤姆逊冲锋枪,item_atlas,shenmidai,shenmidai,16,,4,汤姆逊冲锋枪的制作图纸，获得后就能学会制作该装备。,,,,,2,,1,5040,,,
165070,MP5冲锋枪,item_atlas,shenmidai,shenmidai,16,,4,MP5冲锋枪的制作图纸，获得后就能学会制作该装备。,,,,,2,,1,5070,,,
165110,电弧突击步枪,item_atlas,shenmidai,shenmidai,16,,4,电弧突击步枪的制作图纸，获得后就能学会制作该装备。,,,,,2,,1,5110,,,
165130,电磁脉冲步枪,item_atlas,shenmidai,shenmidai,16,,4,电磁脉冲步枪的制作图纸，获得后就能学会制作该装备。,,,,,2,,1,5130,,,
165150,M4A1-S消音步枪,item_atlas,shenmidai,shenmidai,16,,4,M4A1-S消音步枪的制作图纸，获得后就能学会制作该装备。,,,,,2,,1,5150,,,
165160,炫彩维克托,item_atlas,shenmidai,shenmidai,16,,4,炫彩维克托的制作图纸，获得后就能学会制作该装备。,,,,,2,,1,5160,,,
165180,温彻斯特步枪,item_atlas,shenmidai,shenmidai,16,,4,温彻斯特步枪的制作图纸，获得后就能学会制作该装备。,,,,,2,,1,5180,,,
166010,雷明顿M870,item_atlas,shenmidai,shenmidai,16,,4,雷明顿M870的制作图纸，获得后就能学会制作该装备。,,,,,2,,1,6010,,,
166030,590M霰弹枪,item_atlas,shenmidai,shenmidai,16,,4,590M霰弹枪的制作图纸，获得后就能学会制作该装备。,,,,,2,,1,6030,,,
166040,KSG霰弹枪,item_atlas,shenmidai,shenmidai,16,,4,KSG霰弹枪的制作图纸，获得后就能学会制作该装备。,,,,,2,,1,6040,,,
166050,红点霰弹,item_atlas,shenmidai,shenmidai,16,,4,红点霰弹的制作图纸，获得后就能学会制作该装备。,,,,,2,,1,6050,,,
166060,爆裂霰弹枪,item_atlas,shenmidai,shenmidai,16,,4,爆裂霰弹枪的制作图纸，获得后就能学会制作该装备。,,,,,2,,1,6060,,,
166070,聒噪霰弹枪,item_atlas,shenmidai,shenmidai,16,,4,聒噪霰弹枪的制作图纸，获得后就能学会制作该装备。,,,,,2,,1,6070,,,
166080,九头蛇霰弹枪,item_atlas,shenmidai,shenmidai,16,,4,九头蛇霰弹枪的制作图纸，获得后就能学会制作该装备。,,,,,2,,1,6080,,,
166090,冻结之星霰弹枪,item_atlas,shenmidai,shenmidai,16,,4,冻结之星霰弹枪的制作图纸，获得后就能学会制作该装备。,,,,,2,,1,6090,,,
166110,雷神霰弹枪,item_atlas,shenmidai,shenmidai,16,,4,雷神霰弹枪的制作图纸，获得后就能学会制作该装备。,,,,,2,,1,6110,,,
166130,电磁脉冲霰弹枪,item_atlas,shenmidai,shenmidai,16,,4,电磁脉冲霰弹枪的制作图纸，获得后就能学会制作该装备。,,,,,2,,1,6130,,,
166020,雷托霰弹枪,item_atlas,shenmidai,shenmidai,16,,4,雷托霰弹枪的制作图纸，获得后就能学会制作该装备。,,,,,2,,1,6020,,,
166100,眼镜蛇霰弹枪,item_atlas,shenmidai,shenmidai,16,,4,眼镜蛇霰弹枪的制作图纸，获得后就能学会制作该装备。,,,,,2,,1,6100,,,
166120,灵魂灼烧霰弹枪,item_atlas,shenmidai,shenmidai,16,,4,灵魂灼烧霰弹枪的制作图纸，获得后就能学会制作该装备。,,,,,2,,1,6120,,,
166140,粒子能量霰弹枪,item_atlas,shenmidai,shenmidai,16,,4,粒子能量霰弹枪的制作图纸，获得后就能学会制作该装备。,,,,,2,,1,6140,,,
166150,战术霰弹枪,item_atlas,shenmidai,shenmidai,16,,4,战术霰弹枪的制作图纸，获得后就能学会制作该装备。,,,,,2,,1,6150,,,
167010,M24狙击步枪,item_atlas,shenmidai,shenmidai,16,,4,M24狙击步枪的制作图纸，获得后就能学会制作该装备。,,,,,2,,1,7010,,,
167020,AWM狙击步枪,item_atlas,shenmidai,shenmidai,16,,4,AWM狙击步枪的制作图纸，获得后就能学会制作该装备。,,,,,2,,1,7020,,,
167030,DSR狙击枪,item_atlas,shenmidai,shenmidai,16,,4,DSR狙击枪的制作图纸，获得后就能学会制作该装备。,,,,,2,,1,7030,,,
167040,SVD狙击枪,item_atlas,shenmidai,shenmidai,16,,4,SVD狙击枪的制作图纸，获得后就能学会制作该装备。,,,,,2,,1,7040,,,
167050,AS50狙击步枪,item_atlas,shenmidai,shenmidai,16,,4,AS50狙击步枪的制作图纸，获得后就能学会制作该装备。,,,,,2,,1,7050,,,
167060,莫幸纳甘狙击枪,item_atlas,shenmidai,shenmidai,16,,4,莫幸纳甘狙击枪的制作图纸，获得后就能学会制作该装备。,,,,,2,,1,7060,,,
167070,R93狙击枪,item_atlas,shenmidai,shenmidai,16,,4,R93狙击枪的制作图纸，获得后就能学会制作该装备。,,,,,2,,1,7070,,,
167080,眼镜蛇生化狙击枪,item_atlas,shenmidai,shenmidai,16,,4,眼镜蛇生化狙击枪的制作图纸，获得后就能学会制作该装备。,,,,,2,,1,7080,,,
167090,暗杀者激光狙击枪,item_atlas,shenmidai,shenmidai,16,,4,暗杀者激光狙击枪的制作图纸，获得后就能学会制作该装备。,,,,,2,,1,7090,,,
167100,灭世神迷你核弹狙击枪,item_atlas,shenmidai,shenmidai,16,,4,灭世神迷你核弹狙击枪的制作图纸，获得后就能学会制作该装备。,,,,,2,,1,7100,,,
167110,VSS狙击步枪,item_atlas,shenmidai,shenmidai,16,,4,VSS狙击步枪的制作图纸，获得后就能学会制作该装备。,,,,,2,,1,7110,,,
167120,SSG轻型狙击步枪,item_atlas,shenmidai,shenmidai,16,,4,SSG轻型狙击步枪的制作图纸，获得后就能学会制作该装备。,,,,,2,,1,7120,,,
167130,G3SG1狙击步枪,item_atlas,shenmidai,shenmidai,16,,4,G3SG1狙击步枪的制作图纸，获得后就能学会制作该装备。,,,,,2,,1,7130,,,
167140,金伯利巴雷特,item_atlas,shenmidai,shenmidai,16,,4,金伯利巴雷特的制作图纸，获得后就能学会制作该装备。,,,,,2,,1,7140,,,
168010,土质火炮,item_atlas,shenmidai,shenmidai,16,,4,土质火炮的制作图纸，获得后就能学会制作该装备。,,,,,2,,1,8010,,,
168020,NA-3榴弹枪,item_atlas,shenmidai,shenmidai,16,,4,NA-3榴弹枪的制作图纸，获得后就能学会制作该装备。,,,,,2,,1,8020,,,
168040,A2榴弹突击枪,item_atlas,shenmidai,shenmidai,16,,4,A2榴弹突击枪的制作图纸，获得后就能学会制作该装备。,,,,,2,,1,8040,,,
168050,短管榴弹冲锋枪,item_atlas,shenmidai,shenmidai,16,,4,短管榴弹冲锋枪的制作图纸，获得后就能学会制作该装备。,,,,,2,,1,8050,,,
168060,AN94榴弹枪,item_atlas,shenmidai,shenmidai,16,,4,AN94榴弹枪的制作图纸，获得后就能学会制作该装备。,,,,,2,,1,8060,,,
168070,制导式火箭,item_atlas,shenmidai,shenmidai,16,,4,制导式火箭的制作图纸，获得后就能学会制作该装备。,,,,,2,,1,8070,,,
168080,QLB06榴弹枪,item_atlas,shenmidai,shenmidai,16,,4,QLB06榴弹枪的制作图纸，获得后就能学会制作该装备。,,,,,2,,1,8080,,,
168100,S-RPG,item_atlas,shenmidai,shenmidai,16,,4,S-RPG的制作图纸，获得后就能学会制作该装备。,,,,,2,,1,8100,,,
168110,狂怒镭射加特林,item_atlas,shenmidai,shenmidai,16,,4,狂怒镭射加特林的制作图纸，获得后就能学会制作该装备。,,,,,2,,1,8110,,,
168120,惩戒之光能量炮,item_atlas,shenmidai,shenmidai,16,,4,惩戒之光能量炮的制作图纸，获得后就能学会制作该装备。,,,,,2,,1,8120,,,
168030,强袭榴弹枪,item_atlas,shenmidai,shenmidai,16,,4,强袭榴弹枪的制作图纸，获得后就能学会制作该装备。,,,,,2,,1,8030,,,
168090,火焰喷射器,item_atlas,shenmidai,shenmidai,16,,4,火焰喷射器的制作图纸，获得后就能学会制作该装备。,,,,,2,,1,8090,,,
168130,毁灭者小型核弹,item_atlas,shenmidai,shenmidai,16,,4,毁灭者小型核弹的制作图纸，获得后就能学会制作该装备。,,,,,2,,1,8130,,,
168140,M249,item_atlas,shenmidai,shenmidai,16,,4,M249的制作图纸，获得后就能学会制作该装备。,,,,,2,,1,8140,,,
168150,雪球炮,item_atlas,shenmidai,shenmidai,16,,4,雪球炮的制作图纸，获得后就能学会制作该装备。,,,,,2,,1,8150,,,
168170,ZB26轻机枪,item_atlas,shenmidai,shenmidai,16,,4,ZB26轻机枪的制作图纸，获得后就能学会制作该装备。,,,,,2,,1,8170,,,
170010,牛仔护甲,item_atlas,shenmidai,shenmidai,16,,4,牛仔护甲的制作图纸，获得后就能学会制作该装备。,,,,,2,,1,10010,,,
170020,冲锋护甲,item_atlas,shenmidai,shenmidai,16,,4,冲锋护甲的制作图纸，获得后就能学会制作该装备。,,,,,2,,1,10020,,,
170030,防爆护甲,item_atlas,shenmidai,shenmidai,16,,4,防爆护甲的制作图纸，获得后就能学会制作该装备。,,,,,2,,1,10030,,,
170040,猩红护甲,item_atlas,shenmidai,shenmidai,16,,4,猩红护甲的制作图纸，获得后就能学会制作该装备。,,,,,2,,1,10040,,,
170050,海洋呼吸护甲,item_atlas,shenmidai,shenmidai,16,,4,海洋呼吸护甲的制作图纸，获得后就能学会制作该装备。,,,,,2,,1,10050,,,
170060,特种部队护甲,item_atlas,shenmidai,shenmidai,16,,4,特种部队护甲的制作图纸，获得后就能学会制作该装备。,,,,,2,,1,10060,,,
170070,岩石护甲,item_atlas,shenmidai,shenmidai,16,,4,岩石护甲的制作图纸，获得后就能学会制作该装备。,,,,,2,,1,10070,,,
170080,鬼魅护甲,item_atlas,shenmidai,shenmidai,16,,4,鬼魅护甲的制作图纸，获得后就能学会制作该装备。,,,,,2,,1,10080,,,
170090,裂空护甲,item_atlas,shenmidai,shenmidai,16,,4,裂空护甲的制作图纸，获得后就能学会制作该装备。,,,,,2,,1,10090,,,
170100,绅士护甲,item_atlas,shenmidai,shenmidai,16,,4,绅士护甲的制作图纸，获得后就能学会制作该装备。,,,,,2,,1,10100,,,
170110,暗影忍者护甲,item_atlas,shenmidai,shenmidai,16,,4,暗影忍者护甲的制作图纸，获得后就能学会制作该装备。,,,,,2,,1,10110,,,
170120,曼达洛甲,item_atlas,shenmidai,shenmidai,16,,4,曼达洛甲的制作图纸，获得后就能学会制作该装备。,,,,,2,,1,10120,,,
170130,恐怖战甲,item_atlas,shenmidai,shenmidai,16,,4,恐怖战甲的制作图纸，获得后就能学会制作该装备。,,,,,2,,1,10130,,,
170140,精灵服,item_atlas,shenmidai,shenmidai,16,,4,精灵服的制作图纸，获得后就能学会制作该装备。,,,,,2,,1,10140,,,
170150,凛冬狩猎衣,item_atlas,shenmidai,shenmidai,16,,4,凛冬狩猎衣的制作图纸，获得后就能学会制作该装备。,,,,,2,,1,10150,,,
171010,探险试用装,item_atlas,shenmidai,shenmidai,16,,4,探险试用装的制作图纸，获得后就能学会制作该装备。,,,,,2,,1,11010,,,
171020,警用装甲,item_atlas,shenmidai,shenmidai,16,,4,警用装甲的制作图纸，获得后就能学会制作该装备。,,,,,2,,1,11020,,,
171030,先锋装甲,item_atlas,shenmidai,shenmidai,16,,4,先锋装甲的制作图纸，获得后就能学会制作该装备。,,,,,2,,1,11030,,,
171040,堡垒装甲,item_atlas,shenmidai,shenmidai,16,,4,堡垒装甲的制作图纸，获得后就能学会制作该装备。,,,,,2,,1,11040,,,
171050,背叛者装甲,item_atlas,shenmidai,shenmidai,16,,4,背叛者装甲的制作图纸，获得后就能学会制作该装备。,,,,,2,,1,11050,,,
171060,帝国装甲,item_atlas,shenmidai,shenmidai,16,,4,帝国装甲的制作图纸，获得后就能学会制作该装备。,,,,,2,,1,11060,,,
171070,骑士装甲,item_atlas,shenmidai,shenmidai,16,,4,骑士装甲的制作图纸，获得后就能学会制作该装备。,,,,,2,,1,11070,,,
171080,战神装甲,item_atlas,shenmidai,shenmidai,16,,4,战神装甲的制作图纸，获得后就能学会制作该装备。,,,,,2,,1,11080,,,
171090,森林守卫装甲,item_atlas,shenmidai,shenmidai,16,,4,森林守卫装甲的制作图纸，获得后就能学会制作该装备。,,,,,2,,1,11090,,,
171100,遗迹骑士装甲,item_atlas,shenmidai,shenmidai,16,,4,遗迹骑士装甲的制作图纸，获得后就能学会制作该装备。,,,,,2,,1,11100,,,
171140,音速装甲,item_atlas,shenmidai,shenmidai,16,,4,音速装甲的制作图纸，获得后就能学会制作该装备。,,,,,2,,1,11140,,,
171110,末世黎明动力装甲,item_atlas,shenmidai,shenmidai,16,,4,末世黎明动力装甲的制作图纸，获得后就能学会制作该装备。,,,,,2,,1,11110,,,
171120,烈焰装甲,item_atlas,shenmidai,shenmidai,16,,4,烈焰装甲的制作图纸，获得后就能学会制作该装备。,,,,,2,,1,11120,,,
171130,至臻装甲,item_atlas,shenmidai,shenmidai,16,,4,至臻装甲的制作图纸，获得后就能学会制作该装备。,,,,,2,,1,11130,,,
171150,士官长装甲,item_atlas,shenmidai,shenmidai,16,,4,士官长装甲的制作图纸，获得后就能学会制作该装备。,,,,,2,,1,11150,,,
171160,毁灭装甲,item_atlas,shenmidai,shenmidai,16,,4,毁灭装甲的制作图纸，获得后就能学会制作该装备。,,,,,2,,1,11160,,,
171170,能量装甲,item_atlas,shenmidai,shenmidai,16,,4,能量装甲的制作图纸，获得后就能学会制作该装备。,,,,,2,,1,11170,,,
171180,迎新铠甲,item_atlas,shenmidai,shenmidai,16,,4,迎新铠甲的制作图纸，获得后就能学会制作该装备。,,,,,2,,1,11180,,,
171190,金伯利动力装甲,item_atlas,shenmidai,shenmidai,16,,4,金伯利动力装甲的制作图纸，获得后就能学会制作该装备。,,,,,2,,1,11190,,,
171200,外骨骼装甲,item_atlas,shenmidai,shenmidai,16,,4,外骨骼装甲的制作图纸，获得后就能学会制作该装备。,,,,,2,,1,11200,,,
172010,短袖,item_atlas,shenmidai,shenmidai,16,,4,短袖的制作图纸，获得后就能学会制作该装备。,,,,,2,,1,12010,,,
172020,连帽衫,item_atlas,shenmidai,shenmidai,16,,4,连帽衫的制作图纸，获得后就能学会制作该装备。,,,,,2,,1,12020,,,
172030,神探外套,item_atlas,shenmidai,shenmidai,16,,4,神探外套的制作图纸，获得后就能学会制作该装备。,,,,,2,,1,12030,,,
172040,白衣天使,item_atlas,shenmidai,shenmidai,16,,4,白衣天使的制作图纸，获得后就能学会制作该装备。,,,,,2,,1,12040,,,
172050,武装外套,item_atlas,shenmidai,shenmidai,16,,4,武装外套的制作图纸，获得后就能学会制作该装备。,,,,,2,,1,12050,,,
172060,防弹衣,item_atlas,shenmidai,shenmidai,16,,4,防弹衣的制作图纸，获得后就能学会制作该装备。,,,,,2,,1,12060,,,
172070,恶灵外套,item_atlas,shenmidai,shenmidai,16,,4,恶灵外套的制作图纸，获得后就能学会制作该装备。,,,,,2,,1,12070,,,
172080,黑莲战衣,item_atlas,shenmidai,shenmidai,16,,4,黑莲战衣的制作图纸，获得后就能学会制作该装备。,,,,,2,,1,12080,,,
172090,传奇赛车服,item_atlas,shenmidai,shenmidai,16,,4,传奇赛车服的制作图纸，获得后就能学会制作该装备。,,,,,2,,1,12090,,,
172100,灵魂舞者外套,item_atlas,shenmidai,shenmidai,16,,4,灵魂舞者外套的制作图纸，获得后就能学会制作该装备。,,,,,2,,1,12100,,,
172110,特工外套,item_atlas,shenmidai,shenmidai,16,,4,特工外套的制作图纸，获得后就能学会制作该装备。,,,,,2,,1,12110,,,
172120,指挥官的外套,item_atlas,shenmidai,shenmidai,16,,4,指挥官的外套的制作图纸，获得后就能学会制作该装备。,,,,,2,,1,12120,,,
172130,盛宴礼服,item_atlas,shenmidai,shenmidai,16,,4,盛宴礼服的制作图纸，获得后就能学会制作该装备。,,,,,2,,1,12130,,,
172140,冬季羽绒服,item_atlas,shenmidai,shenmidai,16,,4,冬季羽绒服的制作图纸，获得后就能学会制作该装备。,,,,,2,,1,12140,,,
172150,金伯利夹克衫,item_atlas,shenmidai,shenmidai,16,,4,金伯利夹克衫的制作图纸，获得后就能学会制作该装备。,,,,,2,,1,12150,,,
172170,保暖大衣,item_atlas,shenmidai,shenmidai,16,,4,保暖大衣的制作图纸，获得后就能学会制作该装备。,,,,,2,,1,12170,,,
173010,铁桶头盔,item_atlas,shenmidai,shenmidai,16,,4,铁桶头盔的制作图纸，获得后就能学会制作该装备。,,,,,2,,1,13010,,,
173020,战争勇者头盔,item_atlas,shenmidai,shenmidai,16,,4,战争勇者头盔的制作图纸，获得后就能学会制作该装备。,,,,,2,,1,13020,,,
173030,城市守卫头盔,item_atlas,shenmidai,shenmidai,16,,4,城市守卫头盔的制作图纸，获得后就能学会制作该装备。,,,,,2,,1,13030,,,
173040,防爆面罩,item_atlas,shenmidai,shenmidai,16,,4,防爆面罩的制作图纸，获得后就能学会制作该装备。,,,,,2,,1,13040,,,
173050,强袭头盔,item_atlas,shenmidai,shenmidai,16,,4,强袭头盔的制作图纸，获得后就能学会制作该装备。,,,,,2,,1,13050,,,
173070,防爆头盔,item_atlas,shenmidai,shenmidai,16,,4,防爆头盔的制作图纸，获得后就能学会制作该装备。,,,,,2,,1,13070,,,
173080,最终武士头盔,item_atlas,shenmidai,shenmidai,16,,4,最终武士头盔的制作图纸，获得后就能学会制作该装备。,,,,,2,,1,13080,,,
173090,遗迹骑士头盔,item_atlas,shenmidai,shenmidai,16,,4,遗迹骑士头盔的制作图纸，获得后就能学会制作该装备。,,,,,2,,1,13090,,,
173110,帝国头盔头盔,item_atlas,shenmidai,shenmidai,16,,4,帝国头盔头盔的制作图纸，获得后就能学会制作该装备。,,,,,2,,1,13110,,,
173120,末世黎明动力头盔,item_atlas,shenmidai,shenmidai,16,,4,末世黎明动力头盔的制作图纸，获得后就能学会制作该装备。,,,,,2,,1,13120,,,
173060,橄榄球选手头盔,item_atlas,shenmidai,shenmidai,16,,4,橄榄球选手头盔的制作图纸，获得后就能学会制作该装备。,,,,,2,,1,13060,,,
173100,K6-3头盔,item_atlas,shenmidai,shenmidai,16,,4,K6-3头盔的制作图纸，获得后就能学会制作该装备。,,,,,2,,1,13100,,,
173130,玩家一号头盔,item_atlas,shenmidai,shenmidai,16,,4,玩家一号头盔的制作图纸，获得后就能学会制作该装备。,,,,,2,,1,13130,,,
173140,南瓜头盔,item_atlas,shenmidai,shenmidai,16,,4,南瓜头盔的制作图纸，获得后就能学会制作该装备。,,,,,2,,1,13140,,,
173150,重型南瓜盔,item_atlas,shenmidai,shenmidai,16,,4,重型南瓜盔的制作图纸，获得后就能学会制作该装备。,,,,,2,,1,13150,,,
173160,迎新头盔,item_atlas,shenmidai,shenmidai,16,,4,迎新头盔的制作图纸，获得后就能学会制作该装备。,,,,,2,,1,13160,,,
173170,金伯利动力头盔,item_atlas,shenmidai,shenmidai,16,,4,金伯利动力头盔的制作图纸，获得后就能学会制作该装备。,,,,,2,,1,13170,,,
173180,外骨骼头盔,item_atlas,shenmidai,shenmidai,16,,4,外骨骼头盔的制作图纸，获得后就能学会制作该装备。,,,,,2,,1,13180,,,
174010,棒球帽,item_atlas,shenmidai,shenmidai,16,,4,棒球帽的制作图纸，获得后就能学会制作该装备。,,,,,2,,1,14010,,,
174030,战略通讯器,item_atlas,shenmidai,shenmidai,16,,4,战略通讯器的制作图纸，获得后就能学会制作该装备。,,,,,2,,1,14030,,,
174040,消防面具,item_atlas,shenmidai,shenmidai,16,,4,消防面具的制作图纸，获得后就能学会制作该装备。,,,,,2,,1,14040,,,
174050,荒野行者帽,item_atlas,shenmidai,shenmidai,16,,4,荒野行者帽的制作图纸，获得后就能学会制作该装备。,,,,,2,,1,14050,,,
174060,拦路者外面具,item_atlas,shenmidai,shenmidai,16,,4,拦路者外面具的制作图纸，获得后就能学会制作该装备。,,,,,2,,1,14060,,,
174070,朋克面罩,item_atlas,shenmidai,shenmidai,16,,4,朋克面罩的制作图纸，获得后就能学会制作该装备。,,,,,2,,1,14070,,,
174080,科技先锋,item_atlas,shenmidai,shenmidai,16,,4,科技先锋的制作图纸，获得后就能学会制作该装备。,,,,,2,,1,14080,,,
174100,武装通讯器,item_atlas,shenmidai,shenmidai,16,,4,武装通讯器的制作图纸，获得后就能学会制作该装备。,,,,,2,,1,14100,,,
174110,终结战场,item_atlas,shenmidai,shenmidai,16,,4,终结战场的制作图纸，获得后就能学会制作该装备。,,,,,2,,1,14110,,,
174130,灵魂收集者的面具,item_atlas,shenmidai,shenmidai,16,,4,灵魂收集者的面具的制作图纸，获得后就能学会制作该装备。,,,,,2,,1,14130,,,
174020,御寒棉帽,item_atlas,shenmidai,shenmidai,16,,4,御寒棉帽的制作图纸，获得后就能学会制作该装备。,,,,,2,,1,14020,,,
174090,神探贝雷帽,item_atlas,shenmidai,shenmidai,16,,4,神探贝雷帽的制作图纸，获得后就能学会制作该装备。,,,,,2,,1,14090,,,
174120,隔离头盔,item_atlas,shenmidai,shenmidai,16,,4,隔离头盔的制作图纸，获得后就能学会制作该装备。,,,,,2,,1,14120,,,
174140,海盗眼罩,item_atlas,shenmidai,shenmidai,16,,4,海盗眼罩的制作图纸，获得后就能学会制作该装备。,,,,,2,,1,14140,,,
174150,绿色礼帽图纸,Equip_Icon02_atlas,icon_14150,shenmidai,16,,4,绿色礼帽图纸的制作图纸，获得后就能学会制作该装备。,,,,,2,,1,14150,,,
174160,盛宴礼帽,item_atlas,shenmidai,shenmidai,16,,4,盛宴礼帽的制作图纸，获得后就能学会制作该装备。,,,,,2,,1,14160,,,
174170,恐怖面罩,item_atlas,shenmidai,shenmidai,16,,4,恐怖面罩的制作图纸，获得后就能学会制作该装备。,,,,,2,,1,14170,,,
174180,杀戮忍者面罩,item_atlas,shenmidai,shenmidai,16,,4,杀戮忍者面罩的制作图纸，获得后就能学会制作该装备。,,,,,2,,1,14180,,,
174190,精灵帽子,item_atlas,shenmidai,shenmidai,16,,4,精灵帽子的制作图纸，获得后就能学会制作该装备。,,,,,2,,1,14190,,,
174200,凛冬狩猎帽,item_atlas,shenmidai,shenmidai,16,,4,凛冬狩猎帽的制作图纸，获得后就能学会制作该装备。,,,,,2,,1,14200,,,
175010,牛仔裤,item_atlas,shenmidai,shenmidai,16,,4,牛仔裤的制作图纸，获得后就能学会制作该装备。,,,,,2,,1,15010,,,
175020,警用裤,item_atlas,shenmidai,shenmidai,16,,4,警用裤的制作图纸，获得后就能学会制作该装备。,,,,,2,,1,15020,,,
175030,蒸汽朋克裤,item_atlas,shenmidai,shenmidai,16,,4,蒸汽朋克裤的制作图纸，获得后就能学会制作该装备。,,,,,2,,1,15030,,,
175050,先锋裤甲,item_atlas,shenmidai,shenmidai,16,,4,先锋裤甲的制作图纸，获得后就能学会制作该装备。,,,,,2,,1,15050,,,
175060,海洋裤甲,item_atlas,shenmidai,shenmidai,16,,4,海洋裤甲的制作图纸，获得后就能学会制作该装备。,,,,,2,,1,15060,,,
175070,岩石裤甲,item_atlas,shenmidai,shenmidai,16,,4,岩石裤甲的制作图纸，获得后就能学会制作该装备。,,,,,2,,1,15070,,,
175090,恶灵裤甲,item_atlas,shenmidai,shenmidai,16,,4,恶灵裤甲的制作图纸，获得后就能学会制作该装备。,,,,,2,,1,15090,,,
175100,特种部队裤甲,item_atlas,shenmidai,shenmidai,16,,4,特种部队裤甲的制作图纸，获得后就能学会制作该装备。,,,,,2,,1,15100,,,
175110,猎空裤甲,item_atlas,shenmidai,shenmidai,16,,4,猎空裤甲的制作图纸，获得后就能学会制作该装备。,,,,,2,,1,15110,,,
175120,绅士裤甲,item_atlas,shenmidai,shenmidai,16,,4,绅士裤甲的制作图纸，获得后就能学会制作该装备。,,,,,2,,1,15120,,,
175040,医疗兵裤,item_atlas,shenmidai,shenmidai,16,,4,医疗兵裤的制作图纸，获得后就能学会制作该装备。,,,,,2,,1,15040,,,
175080,武装裤甲,item_atlas,shenmidai,shenmidai,16,,4,武装裤甲的制作图纸，获得后就能学会制作该装备。,,,,,2,,1,15080,,,
175130,艾克斯顿裤甲,item_atlas,shenmidai,shenmidai,16,,4,艾克斯顿裤甲的制作图纸，获得后就能学会制作该装备。,,,,,2,,1,15130,,,
175140,恐怖护腿,item_atlas,shenmidai,shenmidai,16,,4,恐怖护腿的制作图纸，获得后就能学会制作该装备。,,,,,2,,1,15140,,,
175150,盛宴短裤,item_atlas,shenmidai,shenmidai,16,,4,盛宴短裤的制作图纸，获得后就能学会制作该装备。,,,,,2,,1,15150,,,
175160,杀戮忍者护腿,item_atlas,shenmidai,shenmidai,16,,4,杀戮忍者护腿的制作图纸，获得后就能学会制作该装备。,,,,,2,,1,15160,,,
175170,精灵裤,item_atlas,shenmidai,shenmidai,16,,4,精灵裤的制作图纸，获得后就能学会制作该装备。,,,,,2,,1,15170,,,
175180,凛冬狩猎裤,item_atlas,shenmidai,shenmidai,16,,4,凛冬狩猎裤的制作图纸，获得后就能学会制作该装备。,,,,,2,,1,15180,,,
176010,防爆腿甲,item_atlas,shenmidai,shenmidai,16,,4,防爆腿甲的制作图纸，获得后就能学会制作该装备。,,,,,2,,1,16010,,,
176020,猩红腿甲,item_atlas,shenmidai,shenmidai,16,,4,猩红腿甲的制作图纸，获得后就能学会制作该装备。,,,,,2,,1,16020,,,
176030,音速腿甲,item_atlas,shenmidai,shenmidai,16,,4,音速腿甲的制作图纸，获得后就能学会制作该装备。,,,,,2,,1,16030,,,
176040,堡垒腿甲,item_atlas,shenmidai,shenmidai,16,,4,堡垒腿甲的制作图纸，获得后就能学会制作该装备。,,,,,2,,1,16040,,,
176050,骑士腿甲,item_atlas,shenmidai,shenmidai,16,,4,骑士腿甲的制作图纸，获得后就能学会制作该装备。,,,,,2,,1,16050,,,
176060,战神腿甲,item_atlas,shenmidai,shenmidai,16,,4,战神腿甲的制作图纸，获得后就能学会制作该装备。,,,,,2,,1,16060,,,
176080,背叛者腿甲,item_atlas,shenmidai,shenmidai,16,,4,背叛者腿甲的制作图纸，获得后就能学会制作该装备。,,,,,2,,1,16080,,,
176090,帝国腿甲,item_atlas,shenmidai,shenmidai,16,,4,帝国腿甲的制作图纸，获得后就能学会制作该装备。,,,,,2,,1,16090,,,
176100,森林守卫腿甲,item_atlas,shenmidai,shenmidai,16,,4,森林守卫腿甲的制作图纸，获得后就能学会制作该装备。,,,,,2,,1,16100,,,
176120,末世黎明动力腿甲,item_atlas,shenmidai,shenmidai,16,,4,末世黎明动力腿甲的制作图纸，获得后就能学会制作该装备。,,,,,2,,1,16120,,,
176070,鬼魅腿甲,item_atlas,shenmidai,shenmidai,16,,4,鬼魅腿甲的制作图纸，获得后就能学会制作该装备。,,,,,2,,1,16070,,,
176110,遗迹骑士腿甲,item_atlas,shenmidai,shenmidai,16,,4,遗迹骑士腿甲的制作图纸，获得后就能学会制作该装备。,,,,,2,,1,16110,,,
176130,烈焰腿甲,item_atlas,shenmidai,shenmidai,16,,4,烈焰腿甲的制作图纸，获得后就能学会制作该装备。,,,,,2,,1,16130,,,
176140,至臻腿甲,item_atlas,shenmidai,shenmidai,16,,4,至臻腿甲的制作图纸，获得后就能学会制作该装备。,,,,,2,,1,16140,,,
176150,士官长腿甲,item_atlas,shenmidai,shenmidai,16,,4,士官长腿甲的制作图纸，获得后就能学会制作该装备。,,,,,2,,1,16150,,,
176160,毁灭腿甲,item_atlas,shenmidai,shenmidai,16,,4,毁灭腿甲的制作图纸，获得后就能学会制作该装备。,,,,,2,,1,16160,,,
176170,能量腿甲,item_atlas,shenmidai,shenmidai,16,,4,能量腿甲的制作图纸，获得后就能学会制作该装备。,,,,,2,,1,16170,,,
176180,迎新腿甲,item_atlas,shenmidai,shenmidai,16,,4,迎新腿甲的制作图纸，获得后就能学会制作该装备。,,,,,2,,1,16180,,,
176190,金伯利动力腿甲,item_atlas,shenmidai,shenmidai,16,,4,金伯利动力腿甲的制作图纸，获得后就能学会制作该装备。,,,,,2,,1,16190,,,
176200,外骨骼腿甲,item_atlas,shenmidai,shenmidai,16,,4,外骨骼腿甲的制作图纸，获得后就能学会制作该装备。,,,,,2,,1,16200,,,
177010,洞洞鞋,item_atlas,shenmidai,shenmidai,16,,4,洞洞鞋的制作图纸，获得后就能学会制作该装备。,,,,,2,,1,17010,,,
177030,运动鞋,item_atlas,shenmidai,shenmidai,16,,4,运动鞋的制作图纸，获得后就能学会制作该装备。,,,,,2,,1,17030,,,
177040,拉丁舞鞋,item_atlas,shenmidai,shenmidai,16,,4,拉丁舞鞋的制作图纸，获得后就能学会制作该装备。,,,,,2,,1,17040,,,
177050,荒野皮鞋,item_atlas,shenmidai,shenmidai,16,,4,荒野皮鞋的制作图纸，获得后就能学会制作该装备。,,,,,2,,1,17050,,,
177060,拦路者鞋,item_atlas,shenmidai,shenmidai,16,,4,拦路者鞋的制作图纸，获得后就能学会制作该装备。,,,,,2,,1,17060,,,
177070,气垫鞋,item_atlas,shenmidai,shenmidai,16,,4,气垫鞋的制作图纸，获得后就能学会制作该装备。,,,,,2,,1,17070,,,
177080,刺头靴,item_atlas,shenmidai,shenmidai,16,,4,刺头靴的制作图纸，获得后就能学会制作该装备。,,,,,2,,1,17080,,,
177090,生化步兵鞋,item_atlas,shenmidai,shenmidai,16,,4,生化步兵鞋的制作图纸，获得后就能学会制作该装备。,,,,,2,,1,17090,,,
177110,铆钉鞋,item_atlas,shenmidai,shenmidai,16,,4,铆钉鞋的制作图纸，获得后就能学会制作该装备。,,,,,2,,1,17110,,,
177130,灵魂收集者的鞋,item_atlas,shenmidai,shenmidai,16,,4,灵魂收集者的鞋的制作图纸，获得后就能学会制作该装备。,,,,,2,,1,17130,,,
177020,板鞋,item_atlas,shenmidai,shenmidai,16,,4,板鞋的制作图纸，获得后就能学会制作该装备。,,,,,2,,1,17020,,,
177100,暗影忍者足具,item_atlas,shenmidai,shenmidai,16,,4,暗影忍者足具的制作图纸，获得后就能学会制作该装备。,,,,,2,,1,17100,,,
177120,杰克的脚步,item_atlas,shenmidai,shenmidai,16,,4,杰克的脚步的制作图纸，获得后就能学会制作该装备。,,,,,2,,1,17120,,,
177190,凛冬狩猎鞋,item_atlas,shenmidai,shenmidai,16,,4,凛冬狩猎鞋的制作图纸，获得后就能学会制作该装备。,,,,,2,,1,17190,,,
177140,足球鞋,item_atlas,shenmidai,shenmidai,16,,4,足球鞋的制作图纸，获得后就能学会制作该装备。,,,,,2,,1,17140,,,
177150,滑轮鞋,item_atlas,shenmidai,shenmidai,16,,4,滑轮鞋的制作图纸，获得后就能学会制作该装备。,,,,,2,,1,17150,,,
177160,恐怖战靴,item_atlas,shenmidai,shenmidai,16,,4,恐怖战靴的制作图纸，获得后就能学会制作该装备。,,,,,2,,1,17160,,,
177170,盛宴袜鞋,item_atlas,shenmidai,shenmidai,16,,4,盛宴袜鞋的制作图纸，获得后就能学会制作该装备。,,,,,2,,1,17170,,,
177180,精灵鞋,item_atlas,shenmidai,shenmidai,16,,4,精灵鞋的制作图纸，获得后就能学会制作该装备。,,,,,2,,1,17180,,,
178010,雨靴,item_atlas,shenmidai,shenmidai,16,,4,雨靴的制作图纸，获得后就能学会制作该装备。,,,,,2,,1,18010,,,
178020,战争勇者靴,item_atlas,shenmidai,shenmidai,16,,4,战争勇者靴的制作图纸，获得后就能学会制作该装备。,,,,,2,,1,18020,,,
178030,城市守卫靴,item_atlas,shenmidai,shenmidai,16,,4,城市守卫靴的制作图纸，获得后就能学会制作该装备。,,,,,2,,1,18030,,,
178040,战斗精英靴,item_atlas,shenmidai,shenmidai,16,,4,战斗精英靴的制作图纸，获得后就能学会制作该装备。,,,,,2,,1,18040,,,
178050,废土守望者板靴,item_atlas,shenmidai,shenmidai,16,,4,废土守望者板靴的制作图纸，获得后就能学会制作该装备。,,,,,2,,1,18050,,,
178070,防爆靴,item_atlas,shenmidai,shenmidai,16,,4,防爆靴的制作图纸，获得后就能学会制作该装备。,,,,,2,,1,18070,,,
178080,最终武士靴,item_atlas,shenmidai,shenmidai,16,,4,最终武士靴的制作图纸，获得后就能学会制作该装备。,,,,,2,,1,18080,,,
178090,帝国沙漠靴,item_atlas,shenmidai,shenmidai,16,,4,帝国沙漠靴的制作图纸，获得后就能学会制作该装备。,,,,,2,,1,18090,,,
178100,巨兽靴,item_atlas,shenmidai,shenmidai,16,,4,巨兽靴的制作图纸，获得后就能学会制作该装备。,,,,,2,,1,18100,,,
178120,末世黎明动力重靴,item_atlas,shenmidai,shenmidai,16,,4,末世黎明动力重靴的制作图纸，获得后就能学会制作该装备。,,,,,2,,1,18120,,,
178060,滑冰选手的旱冰鞋,item_atlas,shenmidai,shenmidai,16,,4,滑冰选手的旱冰鞋的制作图纸，获得后就能学会制作该装备。,,,,,2,,1,18060,,,
178110,遗迹骑士靴,item_atlas,shenmidai,shenmidai,16,,4,遗迹骑士靴的制作图纸，获得后就能学会制作该装备。,,,,,2,,1,18110,,,
178130,防辐射靴,item_atlas,shenmidai,shenmidai,16,,4,防辐射靴的制作图纸，获得后就能学会制作该装备。,,,,,2,,1,18130,,,
178140,能量战靴,item_atlas,shenmidai,shenmidai,16,,4,能量战靴的制作图纸，获得后就能学会制作该装备。,,,,,2,,1,18140,,,
178150,迎新棉靴,item_atlas,shenmidai,shenmidai,16,,4,迎新棉靴的制作图纸，获得后就能学会制作该装备。,,,,,2,,1,18150,,,
178160,金伯利动力战靴,item_atlas,shenmidai,shenmidai,16,,4,金伯利动力战靴的制作图纸，获得后就能学会制作该装备。,,,,,2,,1,18160,,,
178170,外骨骼护靴,item_atlas,shenmidai,shenmidai,16,,4,外骨骼护靴的制作图纸，获得后就能学会制作该装备。,,,,,2,,1,18170,,,
180010,创口贴,item_atlas,shenmidai,shenmidai,16,,4,创口贴的制作图纸，获得后就能学会制作该装备。,,,,,2,,1,20010,,,
180020,净水药片,item_atlas,shenmidai,shenmidai,16,,4,净水药片的制作图纸，获得后就能学会制作该装备。,,,,,2,,1,20020,,,
180030,战地起搏器,item_atlas,shenmidai,shenmidai,16,,4,战地起搏器的制作图纸，获得后就能学会制作该装备。,,,,,2,,1,20030,,,
180040,怪物血液,item_atlas,shenmidai,shenmidai,16,,4,怪物血液的制作图纸，获得后就能学会制作该装备。,,,,,2,,1,20040,,,
180050,温暖药剂,item_atlas,shenmidai,shenmidai,16,,4,温暖药剂的制作图纸，获得后就能学会制作该装备。,,,,,2,,1,20050,,,
180060,随身医疗箱,item_atlas,shenmidai,shenmidai,16,,4,随身医疗箱的制作图纸，获得后就能学会制作该装备。,,,,,2,,1,20060,,,
180070,冰凉的醒脑丸,item_atlas,shenmidai,shenmidai,16,,4,冰凉的醒脑丸的制作图纸，获得后就能学会制作该装备。,,,,,2,,1,20070,,,
180080,治愈喷雾,item_atlas,shenmidai,shenmidai,16,,4,治愈喷雾的制作图纸，获得后就能学会制作该装备。,,,,,2,,1,20080,,,
180100,抗辐药,item_atlas,shenmidai,shenmidai,16,,4,抗辐药的制作图纸，获得后就能学会制作该装备。,,,,,2,,1,20100,,,
180120,复苏电击器,item_atlas,shenmidai,shenmidai,16,,4,复苏电击器的制作图纸，获得后就能学会制作该装备。,,,,,2,,1,20120,,,
180090,抗毒针,item_atlas,shenmidai,shenmidai,16,,4,抗毒针的制作图纸，获得后就能学会制作该装备。,,,,,2,,1,20090,,,
180110,奇怪的酒精饮料,item_atlas,shenmidai,shenmidai,16,,4,奇怪的酒精饮料的制作图纸，获得后就能学会制作该装备。,,,,,2,,1,20110,,,
180130,急救绷带,item_atlas,shenmidai,shenmidai,16,,4,急救绷带的制作图纸，获得后就能学会制作该装备。,,,,,2,,1,20130,,,
180140,兴奋剂,item_atlas,shenmidai,shenmidai,16,,4,兴奋剂的制作图纸，获得后就能学会制作该装备。,,,,,2,,1,20140,,,
180150,月饼图纸,Equip_Icon01_atlas,icon_20150,shenmidai,16,,4,月饼图纸的制作图纸，获得后就能学会制作该装备。,,,,,2,,1,20150,,,
180160,姜饼人,item_atlas,shenmidai,shenmidai,16,,4,姜饼人的制作图纸，获得后就能学会制作该装备。,,,,,2,,1,20160,,,
180180,肾上腺素注射器,item_atlas,shenmidai,shenmidai,16,,4,肾上腺素注射器的制作图纸，获得后就能学会制作该装备。,,,,,2,,1,20180,,,
181010,简易酒精灯,item_atlas,shenmidai,shenmidai,16,,4,简易酒精灯的制作图纸，获得后就能学会制作该装备。,,,,,2,,1,21010,,,
181030,战术远光手电,item_atlas,shenmidai,shenmidai,16,,4,战术远光手电的制作图纸，获得后就能学会制作该装备。,,,,,2,,1,21030,,,
181040,弹射钩爪,item_atlas,shenmidai,shenmidai,16,,4,弹射钩爪的制作图纸，获得后就能学会制作该装备。,,,,,2,,1,21040,,,
181050,机械探矿器,item_atlas,shenmidai,shenmidai,16,,4,机械探矿器的制作图纸，获得后就能学会制作该装备。,,,,,2,,1,21050,,,
181060,磁力手套,item_atlas,shenmidai,shenmidai,16,,4,磁力手套的制作图纸，获得后就能学会制作该装备。,,,,,2,,1,21060,,,
181080,机械修复装置,item_atlas,shenmidai,shenmidai,16,,4,机械修复装置的制作图纸，获得后就能学会制作该装备。,,,,,2,,1,21080,,,
181090,弱点分析眼镜,item_atlas,shenmidai,shenmidai,16,,4,弱点分析眼镜的制作图纸，获得后就能学会制作该装备。,,,,,2,,1,21090,,,
181100,探索者无人机,item_atlas,shenmidai,shenmidai,16,,4,探索者无人机的制作图纸，获得后就能学会制作该装备。,,,,,2,,1,21100,,,
181110,自动追踪显像装置,item_atlas,shenmidai,shenmidai,16,,4,自动追踪显像装置的制作图纸，获得后就能学会制作该装备。,,,,,2,,1,21110,,,
181130,协助型机器人,item_atlas,shenmidai,shenmidai,16,,4,协助型机器人的制作图纸，获得后就能学会制作该装备。,,,,,2,,1,21130,,,
181020,测量套尺,item_atlas,shenmidai,shenmidai,16,,4,测量套尺的制作图纸，获得后就能学会制作该装备。,,,,,2,,1,21020,,,
181070,机械润滑油,item_atlas,shenmidai,shenmidai,16,,4,机械润滑油的制作图纸，获得后就能学会制作该装备。,,,,,2,,1,21070,,,
181120,战术屏障发生器,item_atlas,shenmidai,shenmidai,16,,4,战术屏障发生器的制作图纸，获得后就能学会制作该装备。,,,,,2,,1,21120,,,
181140,战术望远镜,item_atlas,shenmidai,shenmidai,16,,4,战术望远镜的制作图纸，获得后就能学会制作该装备。,,,,,2,,1,21140,,,
181150,便携式充电箱,item_atlas,shenmidai,shenmidai,16,,4,便携式充电箱的制作图纸，获得后就能学会制作该装备。,,,,,2,,1,21150,,,
181160,金伯利钻地机,item_atlas,shenmidai,shenmidai,16,,4,金伯利钻地机的制作图纸，获得后就能学会制作该装备。,,,,,2,,1,21160,,,
182010,铁制弹丸,item_atlas,shenmidai,shenmidai,16,,4,铁制弹丸的制作图纸，获得后就能学会制作该装备。,,,,,2,,1,22010,,,
182020,捕兽夹,item_atlas,shenmidai,shenmidai,16,,4,捕兽夹的制作图纸，获得后就能学会制作该装备。,,,,,2,,1,22020,,,
182030,丛林吹箭,item_atlas,shenmidai,shenmidai,16,,4,丛林吹箭的制作图纸，获得后就能学会制作该装备。,,,,,2,,1,22030,,,
182040,回旋镖,item_atlas,shenmidai,shenmidai,16,,4,回旋镖的制作图纸，获得后就能学会制作该装备。,,,,,2,,1,22040,,,
182060,弹射袖箭,item_atlas,shenmidai,shenmidai,16,,4,弹射袖箭的制作图纸，获得后就能学会制作该装备。,,,,,2,,1,22060,,,
182080,破片地雷,item_atlas,shenmidai,shenmidai,16,,4,破片地雷的制作图纸，获得后就能学会制作该装备。,,,,,2,,1,22080,,,
182090,辐射飞镖,item_atlas,shenmidai,shenmidai,16,,4,辐射飞镖的制作图纸，获得后就能学会制作该装备。,,,,,2,,1,22090,,,
182100,领主变异刺针,item_atlas,shenmidai,shenmidai,16,,4,领主变异刺针的制作图纸，获得后就能学会制作该装备。,,,,,2,,1,22100,,,
182110,咬人机械狗,item_atlas,shenmidai,shenmidai,16,,4,咬人机械狗的制作图纸，获得后就能学会制作该装备。,,,,,2,,1,22110,,,
182120,激光切割地雷,item_atlas,shenmidai,shenmidai,16,,4,激光切割地雷的制作图纸，获得后就能学会制作该装备。,,,,,2,,1,22120,,,
182050,手里剑,item_atlas,shenmidai,shenmidai,16,,4,忍者善用的武器，制作精良杀伤力强，其售卖价值更高。,,,,,2,,1,22050,,,
182070,毒液刺针,item_atlas,shenmidai,shenmidai,16,,4,毒液刺针的制作图纸，获得后就能学会制作该装备。,,,,,2,,1,22070,,,
182130,麻醉手表,item_atlas,shenmidai,shenmidai,16,,4,麻醉手表的制作图纸，获得后就能学会制作该装备。,,,,,2,,1,22130,,,
182140,防身戒指图纸,Equip_Icon02_atlas,icon_22140,shenmidai,16,,4,防身戒指图纸的制作图纸，获得后就能学会制作该装备。,,,,,2,,1,22140,,,
183010,马蜂窝,item_atlas,shenmidai,shenmidai,16,,4,马蜂窝的制作图纸，获得后就能学会制作该装备。,,,,,2,,1,23010,,,
183020,冲击手雷,item_atlas,shenmidai,shenmidai,16,,4,冲击手雷的制作图纸，获得后就能学会制作该装备。,,,,,2,,1,23020,,,
183030,闪光弹,item_atlas,shenmidai,shenmidai,16,,4,闪光弹的制作图纸，获得后就能学会制作该装备。,,,,,2,,1,23030,,,
183040,烟雾弹,item_atlas,shenmidai,shenmidai,16,,4,烟雾弹的制作图纸，获得后就能学会制作该装备。,,,,,2,,1,23040,,,
183050,毒气手雷,item_atlas,shenmidai,shenmidai,16,,4,毒气手雷的制作图纸，获得后就能学会制作该装备。,,,,,2,,1,23050,,,
183060,燃烧手雷,item_atlas,shenmidai,shenmidai,16,,4,燃烧手雷的制作图纸，获得后就能学会制作该装备。,,,,,2,,1,23060,,,
183070,电击手雷,item_atlas,shenmidai,shenmidai,16,,4,电击手雷的制作图纸，获得后就能学会制作该装备。,,,,,2,,1,23070,,,
183090,音爆手雷,item_atlas,shenmidai,shenmidai,16,,4,音爆手雷的制作图纸，获得后就能学会制作该装备。,,,,,2,,1,23090,,,
183100,溶解手雷,item_atlas,shenmidai,shenmidai,16,,4,溶解手雷的制作图纸，获得后就能学会制作该装备。,,,,,2,,1,23100,,,
183110,精神干扰手雷,item_atlas,shenmidai,shenmidai,16,,4,精神干扰手雷的制作图纸，获得后就能学会制作该装备。,,,,,2,,1,23110,,,
183080,冰冻手雷,item_atlas,shenmidai,shenmidai,16,,4,冰冻手雷的制作图纸，获得后就能学会制作该装备。,,,,,2,,1,23080,,,
183120,木柄手雷,item_atlas,shenmidai,shenmidai,16,,4,木柄手雷的制作图纸，获得后就能学会制作该装备。,,,,,2,,1,23120,,,
183130,聚能手雷,item_atlas,shenmidai,shenmidai,16,,4,聚能手雷的制作图纸，获得后就能学会制作该装备。,,,,,2,,1,23130,,,
183140,南瓜手雷,item_atlas,shenmidai,shenmidai,16,,4,南瓜手雷的制作图纸，获得后就能学会制作该装备。,,,,,2,,1,23140,,,
183150,莫洛托夫鸡尾酒,item_atlas,shenmidai,shenmidai,16,,4,莫洛托夫鸡尾酒的制作图纸，获得后就能学会制作该装备。,,,,,2,,1,23150,,,
183160,金伯利矿炸药,item_atlas,shenmidai,shenmidai,16,,4,金伯利矿炸药的制作图纸，获得后就能学会制作该装备。,,,,,2,,1,23160,,,
184010,皮制手环,item_atlas,shenmidai,shenmidai,16,,4,皮制手环的制作图纸，获得后就能学会制作该装备。,,,,,2,,1,24010,,,
184020,小熊玩偶,item_atlas,shenmidai,shenmidai,16,,4,小熊玩偶的制作图纸，获得后就能学会制作该装备。,,,,,2,,1,24020,,,
184030,木制的鱼竿,item_atlas,shenmidai,shenmidai,16,,4,木制的鱼竿的制作图纸，获得后就能学会制作该装备。,,,,,2,,1,24030,,,
184050,老式机械手表,item_atlas,shenmidai,shenmidai,16,,4,老式机械手表的制作图纸，获得后就能学会制作该装备。,,,,,2,,1,24050,,,
184060,复古的耳机,item_atlas,shenmidai,shenmidai,16,,4,复古的耳机的制作图纸，获得后就能学会制作该装备。,,,,,2,,1,24060,,,
184070,士兵的铭牌,item_atlas,shenmidai,shenmidai,16,,4,士兵的铭牌的制作图纸，获得后就能学会制作该装备。,,,,,2,,1,24070,,,
184080,精致的打火机,item_atlas,shenmidai,shenmidai,16,,4,精致的打火机的制作图纸，获得后就能学会制作该装备。,,,,,2,,1,24080,,,
184100,银质十字架,item_atlas,shenmidai,shenmidai,16,,4,银质十字架的制作图纸，获得后就能学会制作该装备。,,,,,2,,1,24100,,,
184110,冠军的金牌,item_atlas,shenmidai,shenmidai,16,,4,冠军的金牌的制作图纸，获得后就能学会制作该装备。,,,,,2,,1,24110,,,
184130,复刻圣经,item_atlas,shenmidai,shenmidai,16,,4,复刻圣经的制作图纸，获得后就能学会制作该装备。,,,,,2,,1,24130,,,
184040,命运扑克,item_atlas,shenmidai,shenmidai,16,,4,命运扑克的制作图纸，获得后就能学会制作该装备。,,,,,2,,1,24040,,,
184090,银制子弹,item_atlas,shenmidai,shenmidai,16,,4,银制子弹的制作图纸，获得后就能学会制作该装备。,,,,,2,,1,24090,,,
184120,新人的对戒,item_atlas,shenmidai,shenmidai,16,,4,新人的对戒的制作图纸，获得后就能学会制作该装备。,,,,,2,,1,24120,,,
184140,废土旅行手册,item_atlas,shenmidai,shenmidai,16,,4,废土旅行手册的制作图纸，获得后就能学会制作该装备。,,,,,2,,1,24140,,,
184150,便携酒壶,item_atlas,shenmidai,shenmidai,16,,4,便携酒壶的制作图纸，获得后就能学会制作该装备。,,,,,2,,1,24150,,,
184160,荣誉勋章,item_atlas,shenmidai,shenmidai,16,,4,荣誉勋章的制作图纸，获得后就能学会制作该装备。,,,,,2,,1,24160,,,
184170,圣诞雪花球,item_atlas,shenmidai,shenmidai,16,,4,圣诞雪花球的制作图纸，获得后就能学会制作该装备。,,,,,2,,1,24170,,,
185010,木板盾,item_atlas,shenmidai,shenmidai,16,,4,木板盾的制作图纸，获得后就能学会制作该装备。,,,,,2,,1,25010,,,
185020,远古铁盾,item_atlas,shenmidai,shenmidai,16,,4,远古铁盾的制作图纸，获得后就能学会制作该装备。,,,,,2,,1,25020,,,
185030,全钢盾牌,item_atlas,shenmidai,shenmidai,16,,4,全钢盾牌的制作图纸，获得后就能学会制作该装备。,,,,,2,,1,25030,,,
185040,劫掠者盾牌,item_atlas,shenmidai,shenmidai,16,,4,劫掠者盾牌的制作图纸，获得后就能学会制作该装备。,,,,,2,,1,25040,,,
185060,链条大盾,item_atlas,shenmidai,shenmidai,16,,4,链条大盾的制作图纸，获得后就能学会制作该装备。,,,,,2,,1,25060,,,
185070,拦截盾牌,item_atlas,shenmidai,shenmidai,16,,4,拦截盾牌的制作图纸，获得后就能学会制作该装备。,,,,,2,,1,25070,,,
185080,合金盾牌大盾,item_atlas,shenmidai,shenmidai,16,,4,合金盾牌大盾的制作图纸，获得后就能学会制作该装备。,,,,,2,,1,25080,,,
185090,风力大盾,item_atlas,shenmidai,shenmidai,16,,4,风力大盾的制作图纸，获得后就能学会制作该装备。,,,,,2,,1,25090,,,
185100,冰结大盾,item_atlas,shenmidai,shenmidai,16,,4,冰结大盾的制作图纸，获得后就能学会制作该装备。,,,,,2,,1,25100,,,
185130,激光盾,item_atlas,shenmidai,shenmidai,16,,4,激光盾的制作图纸，获得后就能学会制作该装备。,,,,,2,,1,25130,,,
185050,狂暴盾牌,item_atlas,shenmidai,shenmidai,16,,4,狂暴盾牌的制作图纸，获得后就能学会制作该装备。,,,,,2,,1,25050,,,
185110,喷火龙大盾,item_atlas,shenmidai,shenmidai,16,,4,喷火龙大盾的制作图纸，获得后就能学会制作该装备。,,,,,2,,1,25110,,,
185120,压碎大盾,item_atlas,shenmidai,shenmidai,16,,4,压碎大盾的制作图纸，获得后就能学会制作该装备。,,,,,2,,1,25120,,,
185140,战术护盾,item_atlas,shenmidai,shenmidai,16,,4,战术护盾的制作图纸，获得后就能学会制作该装备。,,,,,2,,1,25140,,,
185150,荒漠盾,item_atlas,shenmidai,shenmidai,16,,4,荒漠盾的制作图纸，获得后就能学会制作该装备。,,,,,2,,1,25150,,,
185160,防爆盾,item_atlas,shenmidai,shenmidai,16,,4,防爆盾的制作图纸，获得后就能学会制作该装备。,,,,,2,,1,25160,,,
185170,力场盾,item_atlas,shenmidai,shenmidai,16,,4,力场盾的制作图纸，获得后就能学会制作该装备。,,,,,2,,1,25170,,,
185180,金伯利彩钻盾牌,item_atlas,shenmidai,shenmidai,16,,4,金伯利彩钻盾牌的制作图纸，获得后就能学会制作该装备。,,,,,2,,1,25180,,,
185190,防弹车门,item_atlas,shenmidai,shenmidai,16,,4,防弹车门的制作图纸，获得后就能学会制作该装备。,,,,,2,,1,25190,,,
201001,传奇铁斧,-1,-1,-1,26,,5,-1,,,,,1,,1,1035,,,
201002,传奇简易弓,-1,-1,-1,26,,5,-1,,,,,1,,1,3015,,,
201003,史诗UMP9冲锋枪,-1,-1,-1,26,,5,-1,,,,,1,,1,5054,,,
201004,史诗手里剑,-1,-1,-1,26,,5,-1,,,,,1,,1,22054,,,
201005,传奇木板盾,-1,-1,-1,26,,5,-1,,,,,1,,1,25015,,,
202001,史诗猎人英雄卡,mallItem_atlas,shangcheng_srlieren,-1,42,,4,使用后可获得1个SR猎人（需要1个空英雄栏）,,,,,2,,1,20001,35,202,
202002,史诗武士英雄卡,mallItem_atlas,shangcheng_srwushi,-1,42,,4,使用后可获得1个SR武士（需要1个空英雄栏）,,,,,2,,1,10001,35,102,
202003,史诗学者英雄卡,mallItem_atlas,shangcheng_srxuezhe,-1,42,,4,使用后可获得1个SR学者（需要1个空英雄栏）,,,,,2,,1,30001,35,302,
202101,传奇武士英雄卡,mallItem_atlas,shangcheng_ssrwushi,-1,42,,5,使用后可获得1个SSR武士（需要1个空英雄栏）,,,,,2,,1,10001,45,103,
202102,传奇猎人英雄卡,mallItem_atlas,shangcheng_ssrlieren,-1,42,,5,使用后可获得1个SSR猎人（需要1个空英雄栏）,,,,,2,,1,20001,45,203,
202103,传奇学者英雄卡,mallItem_atlas,shangcheng_ssrxuezhe,-1,42,,5,使用后可获得1个SSR学者（需要1个空英雄栏）,,,,,2,,1,30001,45,303,
202201,史诗猎人英雄卡,mallItem_atlas,shangcheng_srlieren,-1,42,,4,使用后可获得32资质的SR猎人（需要1个空英雄栏）,,,,,2,,1,20001,32,202,
202202,史诗武士英雄卡,mallItem_atlas,shangcheng_srwushi,-1,42,,4,使用后可获得32资质的SR武士（需要1个空英雄栏）,,,,,2,,1,10001,32,102,
202203,史诗学者英雄卡,mallItem_atlas,shangcheng_srxuezhe,-1,42,,4,使用后可获得32资质的SR学者（需要1个空英雄栏）,,,,,2,,1,30001,32,302,
202301,传奇武士英雄卡,mallItem_atlas,shangcheng_ssrwushi,-1,42,,5,使用后可获得42资质的SSR武士（需要1个空英雄栏）,,,,,2,,1,10001,42,103,
202302,传奇猎人英雄卡,mallItem_atlas,shangcheng_ssrlieren,-1,42,,5,使用后可获得42资质的SSR猎人（需要1个空英雄栏）,,,,,2,,1,20001,42,203,
202303,传奇学者英雄卡,mallItem_atlas,shangcheng_ssrxuezhe,-1,42,,5,使用后可获得42资质的SSR学者（需要1个空英雄栏）,,,,,2,,1,30001,42,303,
203001,制作栏4,mallItem_atlas,130400,-1,43,,4,立即增加制作栏到4,,,,,2,,,4,,,
203002,制作栏5,mallItem_atlas,130400,-1,43,,4,立即增加制作栏到5,,,,,2,,,5,,,
203003,制作栏6,mallItem_atlas,130400,-1,43,,4,立即增加制作栏到6,,,,,2,,,6,,,
203004,制作栏7,mallItem_atlas,130400,-1,43,,4,立即增加制作栏到7,,,,,2,,,7,,,
203005,制作栏8,mallItem_atlas,130400,-1,43,,4,立即增加制作栏到8,,,,,2,,,8,,,
203006,制作栏9,mallItem_atlas,130400,-1,43,,4,立即增加制作栏到9,,,,,2,,,9,,,
203007,制作栏10,mallItem_atlas,130400,-1,43,,4,立即增加制作栏到10,,,,,2,,,10,,,
204001,探索队列2,mallItem_atlas,tanxian_tubiao,-1,44,,4,立即增加探险队列到2,,,,,2,,,2,,,
204002,探索队列3,mallItem_atlas,tanxian_tubiao,-1,44,,4,立即增加探险队列到3,,,,,2,,,3,,,
204003,探索队列4,mallItem_atlas,tanxian_tubiao,-1,44,,4,立即增加探险队列到4,,,,,2,,,4,,,
204004,探索队列5,mallItem_atlas,tanxian_tubiao,-1,44,,4,立即增加探险队列到5,,,,,2,,,5,,,
204005,探索队列6,mallItem_atlas,tanxian_tubiao,-1,44,,4,立即增加探险队列到6,,,,,2,,,6,,,
204006,探索队列7,mallItem_atlas,tanxian_tubiao,-1,44,,4,立即增加探险队列到7,,,,,2,,,7,,,
204007,探索队列8,mallItem_atlas,tanxian_tubiao,-1,44,,4,立即增加探险队列到8,,,,,2,,,8,,,
205001,扩建等级3,mallItem_atlas,icon_kuojian,-1,45,,4,立即提升店铺扩建等级到3,,,,,2,,,3,,,
205002,扩建等级4,mallItem_atlas,icon_kuojian,-1,45,,4,立即提升店铺扩建等级到4,,,,,2,,,4,,,
205003,扩建等级5,mallItem_atlas,icon_kuojian,-1,45,,4,立即提升店铺扩建等级到5,,,,,2,,,5,,,
205004,扩建等级6,mallItem_atlas,icon_kuojian,-1,45,,4,立即提升店铺扩建等级到6,,,,,2,,,6,,,
205005,扩建等级7,mallItem_atlas,icon_kuojian,-1,45,,4,立即提升店铺扩建等级到7,,,,,2,,,7,,,
205006,扩建等级8,mallItem_atlas,icon_kuojian,-1,45,,4,立即提升店铺扩建等级到8,,,,,2,,,8,,,
205007,扩建等级9,mallItem_atlas,icon_kuojian,-1,45,,4,立即提升店铺扩建等级到9,,,,,2,,,9,,,
205008,扩建等级10,mallItem_atlas,icon_kuojian,-1,45,,4,立即提升店铺扩建等级到10,,,,,2,,,10,,,
206001,英雄栏位3,mallItem_atlas,icon_yingxiong,-1,46,,4,立即增加英雄栏位到3,,,,,2,,,3,,,
206002,英雄栏位4,mallItem_atlas,icon_yingxiong,-1,46,,4,立即增加英雄栏位到4,,,,,2,,,4,,,
206003,英雄栏位5,mallItem_atlas,icon_yingxiong,-1,46,,4,立即增加英雄栏位到5,,,,,2,,,5,,,
206004,英雄栏位6,mallItem_atlas,icon_yingxiong,-1,46,,4,立即增加英雄栏位到6,,,,,2,,,6,,,
206005,英雄栏位7,mallItem_atlas,icon_yingxiong,-1,46,,4,立即增加英雄栏位到7,,,,,2,,,7,,,
206006,英雄栏位8,mallItem_atlas,icon_yingxiong,-1,46,,4,立即增加英雄栏位到8,,,,,2,,,8,,,
206007,英雄栏位9,mallItem_atlas,icon_yingxiong,-1,46,,4,立即增加英雄栏位到9,,,,,2,,,9,,,
207001,交易栏位2,mallItem_atlas,icon_jiaoyisuo,-1,47,,4,立即增加市场交易栏到2,,,,,2,,,2,,,
207002,交易栏位3,mallItem_atlas,icon_jiaoyisuo,-1,47,,4,立即增加市场交易栏到3,,,,,2,,,3,,,
207003,交易栏位4,mallItem_atlas,icon_jiaoyisuo,-1,47,,4,立即增加市场交易栏到4,,,,,2,,,4,,,
207004,交易栏位5,mallItem_atlas,icon_jiaoyisuo,-1,47,,4,立即增加市场交易栏到5,,,,,2,,,5,,,
207005,交易栏位6,mallItem_atlas,icon_jiaoyisuo,-1,47,,4,立即增加市场交易栏到6,,,,,2,,,6,,,
300001,初级礼盒,item_atlas,300001,,28,,4,随机获得常见道具,,,,,2,,1,102,,,
300002,中级礼盒,item_atlas,300002,,28,,4,随机获得中级道具,,,,,2,,1,103,,,
300003,高级礼盒,item_atlas,300003,,28,,5,随机获得高级道具,,,,,2,,1,104,,,
300004,转职礼盒,item_atlas,goumai_sougoubx2,,28,,4,*英雄转职礼盒* : 可以随机获得英雄转职所需道具！,,,,,2,,1,9002,,,
300005,转职宝箱,item_atlas,goumai_sougoubx1,,28,,5,*英雄转职宝箱* : 可以随机获得英雄转职所需道具！,,,,,2,,1,9001,,,
300006,终极礼包,-1,-1,,28,,4,每日活跃任务终极礼包，可以获得终极转职道具,,,,,2,,1,105,,,
300007,职业凭证礼包,item_atlas,300007,,28,,5,*英雄职业凭证礼包* : 可以随机获得1种职业凭证*1,,,,,2,,1,106,,,
410001,碎木地板,FurnitureIcon_01_atlas,icon_floor_10001,,40,,3,可以获得「碎木地板」--装修店铺所用的地板样式,,,,,2,,1,10001,,,
410002,白桦木地板,FurnitureIcon_01_atlas,icon_floor_10002,,40,,3,可以获得「白桦木地板」--装修店铺所用的地板样式,,,,,2,,1,10002,,,
410003,残破的地砖,FurnitureIcon_01_atlas,icon_floor_10003,,40,,3,可以获得「残破的地砖」--装修店铺所用的地板样式,,,,,2,,1,10003,,,
410004,维纳斯地板,FurnitureIcon_01_atlas,icon_floor_10004,,40,,5,可以获得「维纳斯地板」--装修店铺所用的地板样式,,,,,2,,1,10004,,,
410005,维纳斯罗德纹,FurnitureIcon_01_atlas,icon_floor_10005,,40,,5,可以获得「维纳斯罗德纹」--装修店铺所用的地板样式,,,,,2,,1,10005,,,
410006,拼块地板,FurnitureIcon_01_atlas,icon_floor_10006,,40,,5,可以获得「拼块地板」--装修店铺所用的地板样式,,,,,2,,1,10006,,,
410007,粽叶地板,FurnitureIcon_01_atlas,icon_floor_10007,,40,,5,可以获得「粽叶地板」--装修店铺所用的地板样式,,,,,2,,1,10007,,,
410008,花簇地板,FurnitureIcon_01_atlas,icon_floor_10008,,40,,5,可以获得「花簇地板」--装修店铺所用的地板样式,,,,,2,,1,10008,,,
410009,方形地板,FurnitureIcon_01_atlas,icon_floor_10009,,40,,5,可以获得「方形地板」--装修店铺所用的地板样式,,,,,2,,1,10009,,,
410010,电光迸射地板,FurnitureIcon_01_atlas,icon_floor_10010,,40,,5,可以获得「电光迸射地板」--装修店铺所用的地板样式,,,,,2,,1,10010,,,
410011,枫叶地板,FurnitureIcon_01_atlas,icon_floor_10011,,40,,5,可以获得「枫叶地板」--装修店铺所用的地板样式,,,,,2,,1,10011,,,
410012,狗狗地板,FurnitureIcon_01_atlas,icon_floor_10012,,40,,5,可以获得「狗狗地板」--装修店铺所用的地板样式,,,,,2,,1,10012,,,
410013,交织地板,FurnitureIcon_01_atlas,icon_floor_10013,,40,,5,可以获得「交织地板」--装修店铺所用的地板样式,,,,,2,,1,10013,,,
410014,月饼地板,FurnitureIcon_01_atlas,icon_floor_10014,,40,,5,可以获得「月饼地板」--装修店铺所用的地板样式,,,,,2,,1,10014,,,
410015,木质地板,FurnitureIcon_01_atlas,icon_floor_10015,,40,,5,可以获得「木质地板」--装修店铺所用的地板样式,,,,,2,,1,10015,,,
410016,棱形地板,FurnitureIcon_01_atlas,icon_floor_10016,,40,,5,可以获得「棱形地板」--装修店铺所用的地板样式,,,,,2,,1,10016,,,
410017,花纹地板,FurnitureIcon_01_atlas,icon_floor_10017,,40,,5,可以获得「花纹地板」--装修店铺所用的地板样式,,,,,2,,1,10017,,,
410018,圣诞地板,FurnitureIcon_01_atlas,icon_floor_10018,,40,,5,可以获得「圣诞地板」--装修店铺所用的地板样式,,,,,2,,1,10018,,,
411001,粉刷的墙壁,FurnitureIcon_01_atlas,icon_wall_11001,,40,,3,可以获得「粉刷的墙壁」--装修店铺所用的墙纸样式,,,,,2,,1,11001,,,
411002,砖头墙壁,FurnitureIcon_01_atlas,icon_wall_11002,,40,,3,可以获得「砖头墙壁」--装修店铺所用的墙纸样式,,,,,2,,1,11002,,,
411003,条纹墙纸,FurnitureIcon_01_atlas,icon_wall_11003,,40,,5,可以获得「条纹墙纸」--装修店铺所用的墙纸样式,,,,,2,,1,11003,,,
411004,黄昏墙纸,FurnitureIcon_01_atlas,icon_wall_11004,,40,,5,可以获得「黄昏墙纸」--装修店铺所用的墙纸样式,,,,,2,,1,11004,,,
411005,海面幻影墙纸,FurnitureIcon_01_atlas,icon_wall_11005,,40,,5,可以获得「海面幻影墙纸」--装修店铺所用的墙纸样式,,,,,2,,1,11005,,,
411006,西瓜墙纸,FurnitureIcon_01_atlas,icon_wall_11006,,40,,5,可以获得「西瓜墙纸」--装修店铺所用的墙纸样式,,,,,2,,1,11006,,,
411007,动物墙纸,FurnitureIcon_01_atlas,icon_wall_11007,,40,,5,可以获得「动物墙纸」--装修店铺所用的墙纸样式,,,,,2,,1,11007,,,
411008,仿砖墙纸,FurnitureIcon_01_atlas,icon_wall_11008,,40,,5,可以获得「仿砖墙纸」--装修店铺所用的墙纸样式,,,,,2,,1,11008,,,
411009,竹墙纸,FurnitureIcon_01_atlas,icon_wall_11009,,40,,5,可以获得「竹墙纸」--装修店铺所用的墙纸样式,,,,,2,,1,11009,,,
411010,复古墙纸,FurnitureIcon_01_atlas,icon_wall_11010,,40,,5,可以获得「复古墙纸」--装修店铺所用的墙纸样式,,,,,2,,1,11010,,,
411011,儿童墙纸,FurnitureIcon_01_atlas,icon_wall_11011,,40,,5,可以获得「儿童墙纸」--装修店铺所用的墙纸样式,,,,,2,,1,11011,,,
411012,海底世界墙纸,FurnitureIcon_01_atlas,icon_wall_11012,,40,,5,可以获得「海底世界墙纸」--装修店铺所用的墙纸样式,,,,,2,,1,11012,,,
411013,晚安墙纸,FurnitureIcon_01_atlas,icon_wall_11013,,40,,5,可以获得「晚安墙纸」--装修店铺所用的墙纸样式,,,,,2,,1,11013,,,
411014,花海墙纸,FurnitureIcon_01_atlas,icon_wall_11014,,40,,5,可以获得「花海墙纸」--装修店铺所用的墙纸样式,,,,,2,,1,11014,,,
411015,星星墙纸,FurnitureIcon_01_atlas,icon_wall_11015,,40,,5,可以获得「星星墙纸」--装修店铺所用的墙纸样式,,,,,2,,1,11015,,,
411016,麋鹿墙纸,FurnitureIcon_01_atlas,icon_wall_11016,,40,,5,可以获得「麋鹿墙纸」--装修店铺所用的墙纸样式,,,,,2,,1,11016,,,
411017,祥云墙纸,FurnitureIcon_01_atlas,icon_wall_11017,,40,,5,可以获得「祥云墙纸」--装修店铺所用的墙纸样式,,,,,2,,1,11017,,,
411018,中秋壁纸,FurnitureIcon_01_atlas,icon_wall_11018,,40,,5,可以获得「中秋壁纸」--装修店铺所用的墙纸样式,,,,,2,,1,11018,,,
411019,简约风格壁纸,FurnitureIcon_01_atlas,icon_wall_11019,,40,,5,可以获得「简约风格壁纸」--装修店铺所用的墙纸样式,,,,,2,,1,11019,,,
411020,水墨壁纸,FurnitureIcon_01_atlas,icon_wall_11020,,40,,5,可以获得「水墨壁纸」--装修店铺所用的墙纸样式,,,,,2,,1,11020,,,
411021,山雨壁纸,FurnitureIcon_01_atlas,icon_wall_11021,,40,,5,可以获得「山雨壁纸」--装修店铺所用的墙纸样式,,,,,2,,1,11021,,,
411022,圣诞壁纸,FurnitureIcon_01_atlas,icon_wall_11022,,40,,5,可以获得「圣诞壁纸」--装修店铺所用的墙纸样式,,,,,2,,1,11022,,,
412001,初级柜台,FurnitureIcon_01_atlas,icon_guitai_12001,,40,,3,可以获得初级柜台,,,,,2,,1,12001,,,
412002,中级柜台,FurnitureIcon_01_atlas,icon_guitai_12002,,40,,4,可以获得中级柜台,,,,,2,,1,12002,,,
412003,高级柜台,FurnitureIcon_01_atlas,icon_guitai_12003,,40,,5,可以获得高级柜台,,,,,2,,1,12003,,,
413001,小地毯,FurnitureIcon_01_atlas,icon_carpet_13001,,40,,3,可以获得「小地毯」--装饰店铺所用的地毯,,,,,2,,1,13001,,,
413002,大地毯,FurnitureIcon_01_atlas,icon_carpet_13002,,40,,4,可以获得「大地毯」--装饰店铺所用的地毯,,,,,2,,1,13002,,,
413003,武器板,FurnitureIcon_01_atlas,icon_wuqiban_13003,,40,,4,可以获得「武器板」--装饰店铺所用的墙壁挂饰,,,,,2,,1,13003,,,
413004,留言板,FurnitureIcon_01_atlas,icon_haibao_13004,,40,,4,可以获得「留言板」--装饰店铺所用的墙壁挂饰,,,,,2,,1,13004,,,
413005,壁垒日报,FurnitureIcon_01_atlas,icon_haibao_13005,,40,,4,可以获得「壁垒日报」--装饰店铺所用的墙壁挂饰,,,,,2,,1,13005,,,
413006,壁炉,FurnitureIcon_01_atlas,icon_bilu_13006,,40,,4,可以获得「壁炉」--装饰店铺所用的地面摆件,,,,,2,,1,13006,,,
413007,羚羊墙饰,FurnitureIcon_01_atlas,icon_qiangshi_13007,,40,,4,可以获得「羚羊墙饰」--装饰店铺所用的墙壁挂饰,,,,,2,,1,13007,,,
413008,编织墙饰,FurnitureIcon_01_atlas,icon_qiangshi_13008,,40,,4,可以获得「编织墙饰」--装饰店铺所用的墙壁挂饰,,,,,2,,1,13008,,,
413009,油箱,FurnitureIcon_01_atlas,icon_youxiang_13009,,40,,4,可以获得「油箱」--装饰店铺所用的地面摆件,,,,,2,,1,13009,,,
413010,子弹箱,FurnitureIcon_01_atlas,icon_zidanxiang_13010,,40,,4,可以获得「子弹箱」--装饰店铺所用的地面摆件,,,,,2,,1,13010,,,
413011,木制地下室,FurnitureIcon_01_atlas,icon_dilao_13011,,40,,4,可以获得「木制地下室」--装饰店铺所用的地面摆件,,,,,2,,1,13011,,,
413012,精钢地牢,FurnitureIcon_01_atlas,icon_dilao_13012,,40,,4,可以获得「精钢地牢」--装饰店铺所用的地面摆件,,,,,2,,1,13012,,,
413013,设计师的桌子,FurnitureIcon_01_atlas,icon_shinei_13013,,40,,4,可以获得「设计师的桌子」--装饰店铺所用的地面摆件,,,,,2,,1,13013,,,
413014,机械雕像,FurnitureIcon_01_atlas,icon_shinei_13014,,40,,4,一个金属制作的雕像，已经无法辨认身份，但是看起来好像有点意思！,,,,,2,,1,13014,,,
413015,幸运飞镖,FurnitureIcon_01_atlas,icon_shinei_13015,,40,,4,可以获得「幸运飞镖」--装饰店铺所用的墙壁挂饰,,,,,2,,1,13015,,,
413016,花盆,FurnitureIcon_01_atlas,icon_shinei_13016,,40,,4,可以获得「花盆」--装饰店铺所用的地面摆件,,,,,2,,1,13016,,,
413017,修复的街机,FurnitureIcon_01_atlas,icon_shinei_13017,,40,,4,可以获得「修复的街机」--装饰店铺所用的地面摆件,,,,,2,,1,13017,,,
413018,盆栽,FurnitureIcon_01_atlas,icon_shinei_13018,,40,,4,可以获得「盆栽」--装饰店铺所用的地面摆件,,,,,2,,1,13018,,,
413019,钢琴,FurnitureIcon_01_atlas,icon_shinei_13019,,40,,4,可以获得「钢琴」--装饰店铺所用的地面摆件,,,,,2,,1,13019,,,
413020,书柜,FurnitureIcon_01_atlas,icon_shinei_13020,,40,,4,可以获得「书柜」--装饰店铺所用的地面摆件,,,,,2,,1,13020,,,
413021,沙发,FurnitureIcon_01_atlas,icon_shinei_13021,,40,,4,可以获得「沙发」--装饰店铺所用的地面摆件,,,,,2,,1,13021,,,
413022,破损的音响,FurnitureIcon_01_atlas,icon_shinei_13022,,40,,4,可以获得「破损的音响」--装饰店铺所用的地面摆件,,,,,2,,1,13022,,,
413023,待客沙发,FurnitureIcon_01_atlas,icon_shinei_13023,,40,,4,可以获得「待客沙发」--装饰店铺所用的地面摆件,,,,,2,,1,13023,,,
413024,桌面足球,FurnitureIcon_01_atlas,icon_shinei_13024,,40,,4,可以获得「桌面足球」--装饰店铺所用的地面摆件,,,,,2,,1,13024,,,
413025,留声机,FurnitureIcon_01_atlas,icon_shinei_13025,,40,,5,可以获得「留声机」--装饰店铺所用的地面摆件,,,,,2,,1,13025,,,
413026,招财猫,FurnitureIcon_01_atlas,icon_shinei_13026,,40,,5,可以获得「招财猫」--装饰店铺所用的地面摆件,,,,,2,,1,13026,,,
413027,老式挂钟,FurnitureIcon_01_atlas,icon_shinei_13027,,40,,5,可以获得「老式挂钟」--装饰店铺所用的墙壁挂饰,,,,,2,,1,13027,,,
413028,落地钟,FurnitureIcon_01_atlas,icon_shinei_13028,,40,,5,可以获得「落地钟」--装饰店铺所用的地面摆件,,,,,2,,1,13028,,,
413029,吉他,FurnitureIcon_01_atlas,icon_shinei_13029,,40,,5,可以获得「吉他」--装饰店铺所用的墙壁挂饰,,,,,2,,1,13029,,,
413030,木乃伊,FurnitureIcon_01_atlas,icon_shinei_13030,,40,,5,可以获得「木乃伊」--装饰店铺所用的地面摆件,,,,,2,,1,13030,,,
413031,名画-呐喊,FurnitureIcon_01_atlas,icon_shinei_13031,,40,,5,可以获得「名画-呐喊」--装饰店铺所用的墙壁挂饰,,,,,2,,1,13031,,,
413032,名画-蒙娜丽莎,FurnitureIcon_01_atlas,icon_shinei_13032,,40,,5,可以获得「名画-蒙娜丽莎」--装饰店铺所用的墙壁挂饰,,,,,2,,1,13032,,,
413033,吸血鬼棺材,FurnitureIcon_01_atlas,icon_shinei_13033,,40,,5,可以获得「吸血鬼棺材」--装饰店铺所用的地面摆件,,,,,2,,1,13033,,,
413034,十字架,FurnitureIcon_01_atlas,icon_shinei_13034,,40,,5,可以获得「十字架」--装饰店铺所用的墙壁挂饰,,,,,2,,1,13034,,,
413035,恐龙化石,FurnitureIcon_01_atlas,icon_shinei_13035,,40,,5,可以获得「恐龙化石」--装饰店铺所用的地面摆件,,,,,2,,1,13035,,,
413036,锦绣花田毯,FurnitureIcon_01_atlas,icon_shinei_13036,,40,,5,可以获得「锦绣花田毯」--装饰店铺所用的地毯,,,,,2,,1,13036,,,
413037,方形红毯,FurnitureIcon_01_atlas,icon_shinei_13037,,40,,5,可以获得「方形红毯」--装饰店铺所用的地毯,,,,,2,,1,13037,,,
413038,魔法地毯,FurnitureIcon_01_atlas,icon_shinei_13038,,40,,5,可以获得「魔法地毯」--装饰店铺所用的地毯,,,,,2,,1,13038,,,
413039,圆形红毯,FurnitureIcon_01_atlas,icon_shinei_13039,,40,,5,可以获得「圆形红毯」--装饰店铺所用的地毯,,,,,2,,1,13039,,,
413040,流苏毯,FurnitureIcon_01_atlas,icon_shinei_13040,,40,,5,可以获得「流苏毯」--装饰店铺所用的地毯,,,,,2,,1,13040,,,
413041,百灵鸟毯,FurnitureIcon_01_atlas,icon_shinei_13041,,40,,5,可以获得「百灵鸟毯」--装饰店铺所用的地毯,,,,,2,,1,13041,,,
413042,鹿角毯,FurnitureIcon_01_atlas,icon_shinei_13042,,40,,5,可以获得「鹿角毯」--装饰店铺所用的地毯,,,,,2,,1,13042,,,
413043,斑点狗地毯,FurnitureIcon_01_atlas,icon_shinei_13043,,40,,5,可以获得「斑点狗地毯」--装饰店铺所用的地毯,,,,,2,,1,13043,,,
413045,熊皮地毯,FurnitureIcon_01_atlas,icon_shinei_13045,,40,,5,可以获得「熊皮地毯」--装饰店铺所用的地毯,,,,,2,,1,13045,,,
413046,茶台屏风,FurnitureIcon_01_atlas,icon_shinei_13046,,40,,5,可以获得「茶台屏风」--装饰店铺所用的地面摆件,,,,,2,,1,13046,,,
413047,中式地灯,FurnitureIcon_01_atlas,icon_shinei_13047,,40,,5,可以获得「中式地灯」--装饰店铺所用的地面摆件,,,,,2,,1,13047,,,
413048,中式书架,FurnitureIcon_01_atlas,icon_shinei_13048,,40,,5,可以获得「中式书架」--装饰店铺所用的地面摆件,,,,,2,,1,13048,,,
413049,中式木窗,FurnitureIcon_01_atlas,icon_shinei_13049,,40,,5,可以获得「中式木窗」--装饰店铺所用的墙壁挂饰,,,,,2,,1,13049,,,
413050,扇形木窗,FurnitureIcon_01_atlas,icon_shinei_13050,,40,,5,可以获得「扇形木窗」--装饰店铺所用的墙壁挂饰,,,,,2,,1,13050,,,
413051,山水画,FurnitureIcon_01_atlas,icon_shinei_13051,,40,,5,可以获得「山水画」--装饰店铺所用的墙壁挂饰,,,,,2,,1,13051,,,
413052,南瓜立灯,FurnitureIcon_01_atlas,icon_shinei_13052,,40,,5,可以获得「南瓜立灯」--装饰店铺所用的地面摆件,,,,,2,,1,13052,,,
413053,南瓜壁炉,FurnitureIcon_01_atlas,icon_shinei_13053,,40,,5,可以获得「南瓜壁炉」--装饰店铺所用的地面摆件,,,,,2,,1,13053,,,
413054,埃及猫,FurnitureIcon_01_atlas,icon_shinei_13054,,40,,5,可以获得「埃及猫」--装饰店铺所用的地面摆件,,,,,2,,1,13054,,,
413055,豪华沙发,FurnitureIcon_01_atlas,icon_shinei_13055,,40,,5,可以获得「豪华沙发」--装饰店铺所用的地面摆件,,,,,2,,1,13055,,,
413056,人像画,FurnitureIcon_01_atlas,icon_shinei_13056,,40,,5,可以获得「人像画」--装饰店铺所用的墙壁挂饰,,,,,2,,1,13056,,,
413057,鹿头挂饰,FurnitureIcon_01_atlas,icon_shinei_13057,,40,,5,可以获得「鹿头挂饰」--装饰店铺所用的墙壁挂饰,,,,,2,,1,13057,,,
413058,衣帽架,FurnitureIcon_01_atlas,icon_shinei_13058,,40,,5,可以获得「衣帽架」--装饰店铺所用的地面摆件,,,,,2,,1,13058,,,
413059,化妆台,FurnitureIcon_01_atlas,icon_shinei_13059,,40,,5,可以获得「化妆台」--装饰店铺所用的地面摆件,,,,,2,,1,13059,,,
413060,酿酒桶,FurnitureIcon_01_atlas,icon_shinei_13060,,40,,5,可以获得「酿酒桶」--装饰店铺所用的地面摆件,,,,,2,,1,13060,,,
413061,小吧台,FurnitureIcon_01_atlas,icon_shinei_13061,,40,,5,可以获得「小吧台」--装饰店铺所用的地面摆件,,,,,2,,1,13061,,,
413062,长方形地毯,FurnitureIcon_01_atlas,icon_shinei_13062,,40,,5,可以获得「长方形地毯」--装饰店铺所用的地毯,,,,,2,,1,13062,,,
413063,阿拉丁飞毯,FurnitureIcon_01_atlas,icon_shinei_13063,,40,,5,可以获得「阿拉丁飞毯」--装饰店铺所用的地毯,,,,,2,,1,13063,,,
413064,圣诞花环,FurnitureIcon_01_atlas,icon_shinei_13064,,40,,5,可以获得「圣诞花环」--装饰店铺所用的墙壁挂饰,,,,,2,,1,13064,,,
413065,圣诞树,FurnitureIcon_01_atlas,icon_shinei_13065,,40,,5,可以获得「圣诞树」--装饰店铺所用的地面摆件,,,,,2,,1,13065,,,
413066,堆积的礼物盒,FurnitureIcon_01_atlas,icon_shinei_13066,,40,,5,可以获得「堆积的圣诞礼物」--装饰店铺所用的地面摆件,,,,,2,,1,13066,,,
413067,叉腰的柜子,FurnitureIcon_01_atlas,icon_shinei_13067,,40,,5,可以获得「叉腰的柜子」--装饰店铺所用的地面摆件,,,,,2,,1,13067,,,
413068,标本挂画,FurnitureIcon_01_atlas,icon_shinei_13068,,40,,5,可以获得「标本挂画」--装饰店铺所用的墙壁挂饰,,,,,2,,1,13068,,,
413069,懒人沙发,FurnitureIcon_01_atlas,icon_shinei_13069,,40,,5,可以获得「懒人沙发」--装饰店铺所用的地面摆件,,,,,2,,1,13069,,,
413070,复古船舵,FurnitureIcon_01_atlas,icon_shinei_13070,,40,,5,可以获得「复古船舵」--装饰店铺所用的墙壁挂饰,,,,,2,,1,13070,,,
414001,残破的发电机,FurnitureIcon_01_atlas,icon_shiwai_14001,,40,,4,可以获得「残破的发电机」--装饰店铺外的室外摆件,,,,,2,,1,14001,,,
414002,招牌废墟,FurnitureIcon_01_atlas,icon_shiwai_14002,,40,,4,可以获得「招牌废墟」--装饰店铺外的室外摆件,,,,,2,,1,14002,,,
414003,路障,FurnitureIcon_01_atlas,icon_shiwai_14003,,40,,4,可以获得「路障」--装饰店铺外的室外摆件,,,,,2,,1,14003,,,
414004,烧烤架,FurnitureIcon_01_atlas,icon_shiwai_14004,,40,,4,可以获得「烧烤架」--装饰店铺外的室外摆件,,,,,2,,1,14004,,,
414005,摩托车,FurnitureIcon_01_atlas,icon_shiwai_14005,,40,,4,独家装饰，证明你曾向往过公路上自由自在的旅行！,,,,,2,,1,14005,,,
414006,邮箱,FurnitureIcon_01_atlas,icon_shiwai_14006,,40,,4,可以获得「邮箱」--装饰店铺外的室外摆件,,,,,2,,1,14006,,,
414007,童年秋千,FurnitureIcon_01_atlas,icon_shiwai_14007,,40,,4,可以获得「童年秋千」--装饰店铺外的室外摆件,,,,,2,,1,14007,,,
414008,神秘石像,FurnitureIcon_01_atlas,icon_shiwai_14008,,40,,5,有人从废墟里带回来的石像，据说摆放店铺门口能提升资源产量。,,,,,2,,1,14008,,,
414009,无线电接收站,FurnitureIcon_01_atlas,icon_shiwai_14009,,40,,5,有了无线电接收站就能够更快的得到英雄的消息，酒馆英雄高品质刷新概率提升。,,,,,2,,1,14009,,,
414010,仙人掌绿植,FurnitureIcon_01_atlas,icon_shiwai_14010,,40,,4,可以获得「仙人掌绿植」--装饰店铺外的室外摆件,,,,,2,,1,14010,,,
414011,热带椰子树,FurnitureIcon_01_atlas,icon_shiwai_14011,,40,,5,可以获得「热带椰子树」--装饰店铺外的室外摆件,,,,,2,,1,14011,,,
414012,沙滩座椅,FurnitureIcon_01_atlas,icon_shiwai_14012,,40,,5,沙滩座椅为顾客提供休息场所从而提高购物欲，所有装备出售价格提升,,,,,2,,1,14012,,,
414013,凉亭,FurnitureIcon_01_atlas,icon_shiwai_14013,,40,,5,可以获得「凉亭」--装饰店铺外的室外摆件,,,,,2,,1,14013,,,
414014,冰淇淋车,FurnitureIcon_01_atlas,icon_shiwai_14014,,40,,5,可以获得「冰淇淋车」--装饰店铺外的室外摆件,,,,,2,,1,14014,,,
414015,自由女神,FurnitureIcon_01_atlas,icon_shiwai_14015,,40,,5,可以获得「自由女神」--装饰店铺外的室外摆件,,,,,2,,1,14015,,,
414016,水井,FurnitureIcon_01_atlas,icon_shiwai_14016,,40,,5,可以获得「水井」--装饰店铺外的室外摆件,,,,,2,,1,14016,,,
414017,狮身人像,FurnitureIcon_01_atlas,icon_shiwai_14017,,40,,5,可以获得「狮身人像」--装饰店铺外的室外摆件,,,,,2,,1,14017,,,
414018,神庙,FurnitureIcon_01_atlas,icon_shiwai_14018,,40,,5,可以获得「神庙」--装饰店铺外的室外摆件,,,,,2,,1,14018,,,
414019,玛雅金字塔,FurnitureIcon_01_atlas,icon_shiwai_14019,,40,,5,可以获得「玛雅金字塔」--装饰店铺外的室外摆件,,,,,2,,1,14019,,,
414020,埃菲尔铁塔,FurnitureIcon_01_atlas,icon_shiwai_14020,,40,,5,可以获得「埃菲尔铁塔」--装饰店铺外的室外摆件,,,,,2,,1,14020,,,
414021,比萨斜塔,FurnitureIcon_01_atlas,icon_shiwai_14021,,40,,5,可以获得「比萨斜塔」--装饰店铺外的室外摆件,,,,,2,,1,14021,,,
414022,废弃加油机,FurnitureIcon_01_atlas,icon_shiwai_14022,,40,,5,可以获得「废弃加油机」--装饰店铺外的室外摆件,,,,,2,,1,14022,,,
414023,印第安图腾柱,FurnitureIcon_01_atlas,icon_shiwai_14023,,40,,5,可以获得「印第安图腾柱」--装饰店铺外的室外摆件,,,,,2,,1,14023,,,
414024,房车,FurnitureIcon_01_atlas,icon_shiwai_14024,,40,,5,可以获得「房车」--装饰店铺外的室外摆件,,,,,2,,1,14024,,,
414025,游艇,FurnitureIcon_01_atlas,icon_shiwai_14025,,40,,5,可以获得「游艇」--装饰店铺外的室外摆件,,,,,2,,1,14025,,,
414026,耶稣神像,FurnitureIcon_01_atlas,icon_shiwai_14026,,40,,5,可以获得「耶稣神像」--装饰店铺外的室外摆件,,,,,2,,1,14026,,,
414027,花盆路灯,FurnitureIcon_01_atlas,icon_shiwai_14027,,40,,4,可以获得「花盆路灯」--装饰店铺外的室外摆件,,,,,2,,1,14027,,,
414028,南瓜灯,FurnitureIcon_01_atlas,icon_shiwai_14028,,40,,4,可以获得「南瓜灯」--装饰店铺外的室外摆件,,,,,2,,1,14028,,,
414029,稻草人,FurnitureIcon_01_atlas,icon_shiwai_14029,,40,,4,可以获得「稻草人」--装饰店铺外的室外摆件,,,,,2,,1,14029,,,
414030,吊床,FurnitureIcon_01_atlas,icon_shiwai_14030,,40,,4,可以获得「吊床」--装饰店铺外的室外摆件,,,,,2,,1,14030,,,
414031,自动贩卖机,FurnitureIcon_01_atlas,icon_shiwai_14031,,40,,4,可以获得「自动贩卖机」--装饰店铺外的室外摆件,,,,,2,,1,14031,,,
414032,改装战车,FurnitureIcon_01_atlas,icon_shiwai_14032,,40,,4,可以获得「改装战车」--装饰店铺外的室外摆件,,,,,2,,1,14032,,,
414033,破旧的水塔,FurnitureIcon_01_atlas,icon_shiwai_14033,,40,,4,可以获得「破旧的水塔」--装饰店铺外的室外摆件,,,,,2,,1,14033,,,
414034,瞭望塔,FurnitureIcon_01_atlas,icon_shiwai_14034,,40,,4,可以获得「瞭望塔」--装饰店铺外的室外摆件,,,,,2,,1,14034,,,
414035,圣诞雪橇车,FurnitureIcon_01_atlas,icon_shiwai_14035,,40,,4,可以获得「圣诞雪橇车」--装饰店铺外的室外摆件,,,,,2,,1,14035,,,
414036,圣诞雪人,FurnitureIcon_01_atlas,icon_shiwai_14036,,40,,4,可以获得「圣诞雪人」--装饰店铺外的室外摆件,,,,,2,,1,14036,,,
414037,驯鹿冰雕,FurnitureIcon_01_atlas,icon_shiwai_14037,,40,,4,可以获得「驯鹿冰雕」--装饰店铺外的室外摆件,,,,,2,,1,14037,,,
414038,破旧滑梯,FurnitureIcon_01_atlas,icon_shiwai_14038,,40,,4,可以获得「破旧滑梯」--装饰店铺外的室外摆件,,,,,2,,1,14038,,,
414039,蹦床,FurnitureIcon_01_atlas,icon_shiwai_14039,,40,,4,可以获得「蹦床」--装饰店铺外的室外摆件,,,,,2,,1,14039,,,
515001,女式工装围裙,ClotheIcon_atlas,15001,,41,,4,店主的外观装饰，女式工装围裙,,,,,2,,1,15001,,,
515002,服装设计师上衣,ClotheIcon_atlas,15002,,41,,4,店主的外观装饰，服装设计师上衣,,,,,2,,1,15002,,,
515003,化学家上衣,ClotheIcon_atlas,15003,,41,,4,店主的外观装饰，化学家上衣,,,,,2,,1,15003,,,
515004,哥特式上衣,ClotheIcon_atlas,15004,,41,,4,在壁垒非常流行的服饰，也是阿芙莉亚最喜欢的上装。,,,,,2,,1,15004,,,
515005,艾莉的短袖衬衫,ClotheIcon_atlas,15005,,41,,4,店主的外观装饰，艾莉的短袖衬衫,,,,,2,,1,15005,,,
515006,暗紫战斗护甲,ClotheIcon_atlas,15006,,41,,4,店主的外观装饰，暗紫战斗护甲,,,,,2,,1,15006,,,
515007,废土尖刺装,ClotheIcon_atlas,15007,,41,,4,店主的外观装饰，废土尖刺装,,,,,2,,1,15007,,,
515008,恐惧机械装甲,ClotheIcon_atlas,15008,,41,,4,店主的外观装饰，恐惧机械装甲,,,,,2,,1,15008,,,
515009,冬季棉服（女）,ClotheIcon_atlas,15009,,41,,4,店主的外观装饰，冬季棉服（女）,,,,,2,,1,15009,,,
515501,男式工装围裙,ClotheIcon_atlas,15501,,41,,4,店主的外观装饰，男式工装围裙,,,,,2,,1,15501,,,
515502,手工工装上衣,ClotheIcon_atlas,15502,,41,,4,店主的外观装饰，手工工装上衣,,,,,2,,1,15502,,,
515503,工程师上衣,ClotheIcon_atlas,15503,,41,,4,店主的外观装饰，工程师上衣,,,,,2,,1,15503,,,
515504,铁匠上衣,ClotheIcon_atlas,15504,,41,,4,店主的外观装饰，铁匠上衣,,,,,2,,1,15504,,,
515505,伐木工上衣,ClotheIcon_atlas,15505,,41,,4,店主的外观装饰，伐木工上衣,,,,,2,,1,15505,,,
515506,装配师上衣,ClotheIcon_atlas,15506,,41,,4,店主的外观装饰，装配师上衣,,,,,2,,1,15506,,,
515507,战斗披风,ClotheIcon_atlas,15507,,41,,4,西恩的战斗服，据说它曾陪伴西恩经历了无数的战斗…,,,,,2,,1,15507,,,
515508,医疗白色大褂,ClotheIcon_atlas,15508,,41,,4,亚历山大总是穿着他工作，虽然已经非常破旧，但却非常干净。,,,,,2,,1,15508,,,
515509,领袖战斗装,ClotheIcon_atlas,15509,,41,,4,店主的外观装饰，领袖战斗装,,,,,2,,1,15509,,,
515510,日常衬衣,ClotheIcon_atlas,15510,,41,,4,店主的外观装饰，日常衬衣,,,,,2,,1,15510,,,
515511,大佬马甲,ClotheIcon_atlas,15511,,41,,4,店主的外观装饰，大佬马甲,,,,,2,,1,15511,,,
515512,废土流浪上衣,ClotheIcon_atlas,15512,,41,,4,店主的外观装饰，废土流浪上衣,,,,,2,,1,15512,,,
515513,子弹外套,ClotheIcon_atlas,15513,,41,,4,店主的外观装饰，子弹外套,,,,,2,,1,15513,,,
515514,野蛮人外套,ClotheIcon_atlas,15514,,41,,4,店主的外观装饰，野蛮人外套,,,,,2,,1,15514,,,
515515,废土尖刺装,ClotheIcon_atlas,15515,,41,,4,店主的外观装饰，废土尖刺装,,,,,2,,1,15515,,,
515516,海盗外套,ClotheIcon_atlas,15516,,41,,4,店主的外观装饰，海盗外套,,,,,2,,1,15516,,,
515517,钢板尖刺外套,ClotheIcon_atlas,15517,,41,,4,店主的外观装饰，钢板尖刺外套,,,,,2,,1,15517,,,
515518,机甲仿制装,ClotheIcon_atlas,15518,,41,,4,店主的外观装饰，机甲仿制装,,,,,2,,1,15518,,,
515519,皮制尖刺上衣,ClotheIcon_atlas,15519,,41,,4,店主的外观装饰，皮制尖刺上衣,,,,,2,,1,15519,,,
515520,流浪者上衣,ClotheIcon_atlas,15520,,41,,4,店主的外观装饰，流浪者上衣,,,,,2,,1,15520,,,
515521,金焰防弹护甲,ClotheIcon_atlas,15521,,41,,4,店主的外观装饰，金焰防弹护甲,,,,,2,,1,15521,,,
515522,丧尸上衣,ClotheIcon_atlas,15522,,41,,4,店主的外观装饰，丧尸上衣,,,,,2,,1,15522,,,
515523,冬季棉服（男）,ClotheIcon_atlas,15523,,41,,4,店主的外观装饰，冬季棉服（男）,,,,,2,,1,15523,,,
516001,女式工装裤,ClotheIcon_atlas,16001,,41,,4,店主的外观装饰，女式工装裤,,,,,2,,1,16001,,,
516002,服装设计师长裤,ClotheIcon_atlas,16002,,41,,4,店主的外观装饰，服装设计师长裤,,,,,2,,1,16002,,,
516003,化学家长裤,ClotheIcon_atlas,16003,,41,,4,店主的外观装饰，化学家长裤,,,,,2,,1,16003,,,
516004,哥特式长裤,ClotheIcon_atlas,16004,,41,,4,店主的外观装饰，哥特式长裤,,,,,2,,1,16004,,,
516005,艾莉的牛仔裤,ClotheIcon_atlas,16005,,41,,4,店主的外观装饰，艾莉的牛仔裤,,,,,2,,1,16005,,,
516006,迷彩战斗长裤,ClotheIcon_atlas,16006,,41,,4,店主的外观装饰，迷彩战斗长裤,,,,,2,,1,16006,,,
516007,废土破损短裤,ClotheIcon_atlas,16007,,41,,4,店主的外观装饰，废土破损短裤,,,,,2,,1,16007,,,
516008,恐惧机械腿甲,ClotheIcon_atlas,16008,,41,,4,店主的外观装饰，恐惧机械腿甲,,,,,2,,1,16008,,,
516009,冬季棉裤(女),ClotheIcon_atlas,16009,,41,,4,店主的外观装饰，冬季棉裤(女),,,,,2,,1,16009,,,
516501,男式工装裤,ClotheIcon_atlas,16501,,41,,4,店主的外观装饰，男式工装裤,,,,,2,,1,16501,,,
516502,手工工装长裤,ClotheIcon_atlas,16502,,41,,4,店主的外观装饰，手工工装长裤,,,,,2,,1,16502,,,
516503,工程师长裤,ClotheIcon_atlas,16503,,41,,4,店主的外观装饰，工程师长裤,,,,,2,,1,16503,,,
516504,铁匠长裤,ClotheIcon_atlas,16504,,41,,4,店主的外观装饰，铁匠长裤,,,,,2,,1,16504,,,
516505,伐木工长裤,ClotheIcon_atlas,16505,,41,,4,店主的外观装饰，伐木工长裤,,,,,2,,1,16505,,,
516506,装配师长裤,ClotheIcon_atlas,16506,,41,,4,店主的外观装饰，装配师长裤,,,,,2,,1,16506,,,
516507,战斗长裤,ClotheIcon_atlas,16507,,41,,4,店主的外观装饰，战斗长裤,,,,,2,,1,16507,,,
516508,医疗工作裤,ClotheIcon_atlas,16508,,41,,4,店主的外观装饰，医疗工作裤,,,,,2,,1,16508,,,
516509,领袖战斗裤,ClotheIcon_atlas,16509,,41,,4,店主的外观装饰，领袖战斗裤,,,,,2,,1,16509,,,
516510,日常牛仔裤,ClotheIcon_atlas,16510,,41,,4,店主的外观装饰，日常牛仔裤,,,,,2,,1,16510,,,
516511,大佬西裤,ClotheIcon_atlas,16511,,41,,4,店主的外观装饰，大佬西裤,,,,,2,,1,16511,,,
516512,废土流浪牛仔裤,ClotheIcon_atlas,16512,,41,,4,店主的外观装饰，废土流浪牛仔裤,,,,,2,,1,16512,,,
516513,子弹牛仔裤,ClotheIcon_atlas,16513,,41,,4,店主的外观装饰，子弹牛仔裤,,,,,2,,1,16513,,,
516514,野蛮人长裤,ClotheIcon_atlas,16514,,41,,4,店主的外观装饰，野蛮人长裤,,,,,2,,1,16514,,,
516515,废土尖刺长裤,ClotheIcon_atlas,16515,,41,,4,店主的外观装饰，废土尖刺长裤,,,,,2,,1,16515,,,
516516,海盗短裤,ClotheIcon_atlas,16516,,41,,4,店主的外观装饰，海盗短裤,,,,,2,,1,16516,,,
516517,钢板尖刺腿甲,ClotheIcon_atlas,16517,,41,,4,店主的外观装饰，钢板尖刺腿甲,,,,,2,,1,16517,,,
516518,机甲仿制腿甲,ClotheIcon_atlas,16518,,41,,4,店主的外观装饰，机甲仿制腿甲,,,,,2,,1,16518,,,
516519,皮制尖刺护腿,ClotheIcon_atlas,16519,,41,,4,店主的外观装饰，皮制尖刺护腿,,,,,2,,1,16519,,,
516520,流浪者腿甲,ClotheIcon_atlas,16520,,41,,4,店主的外观装饰，流浪者腿甲,,,,,2,,1,16520,,,
516521,金焰防弹腿甲,ClotheIcon_atlas,16521,,41,,4,店主的外观装饰，金焰防弹腿甲,,,,,2,,1,16521,,,
516522,丧尸长裤,ClotheIcon_atlas,16522,,41,,4,店主的外观装饰，丧尸长裤,,,,,2,,1,16522,,,
516523,冬季棉裤(男),ClotheIcon_atlas,16523,,41,,4,店主的外观装饰，冬季棉裤(男),,,,,2,,1,16523,,,
517002,探险者护目镜,ClotheIcon_atlas,17002,,41,,4,店主的外观装饰，探险者护目镜,,,,,2,,1,17002,,,
517003,艾拉的科技眼镜,ClotheIcon_atlas,17003,,41,,4,店主的外观装饰，艾拉的科技眼镜,,,,,2,,1,17003,,,
517004,劳伦斯的鸭舌帽,ClotheIcon_atlas,17004,,41,,4,店主的外观装饰，劳伦斯的鸭舌帽,,,,,2,,1,17004,,,
517005,阿芙莉亚的头饰,ClotheIcon_atlas,17005,,41,,4,只有个性的女子才会选择这样的发型。,,,,,2,,1,17005,,,
517006,复古墨镜,ClotheIcon_atlas,17006,,41,,4,店主的外观装饰，复古墨镜,,,,,2,,1,17006,,,
517007,大佬墨镜,ClotheIcon_atlas,17007,,41,,4,店主的外观装饰，大佬墨镜,,,,,2,,1,17007,,,
517008,恶霸头饰,ClotheIcon_atlas,17008,,41,,4,打败恶霸后获得的战利品，里面好像有点奇怪的味道。,,,,,2,,1,17008,,,
517009,特种防毒头盔,ClotheIcon_atlas,17009,,41,,4,店主的外观装饰，特种防毒头盔,,,,,2,,1,17009,,,
517010,嘻哈头饰,ClotheIcon_atlas,17010,,41,,4,店主的外观装饰，嘻哈头饰,,,,,2,,1,17010,,,
517011,海盗首领帽,ClotheIcon_atlas,17011,,41,,4,店主的外观装饰，海盗首领帽,,,,,2,,1,17011,,,
517012,核能武士头盔,ClotheIcon_atlas,17012,,41,,4,店主的外观装饰，核能武士头盔,,,,,2,,1,17012,,,
517013,最终武士头盔,ClotheIcon_atlas,17013,,41,,4,店主的外观装饰，最终武士头盔,,,,,2,,1,17013,,,
517014,防爆头盔,ClotheIcon_atlas,17014,,41,,4,店主的外观装饰，防爆头盔,,,,,2,,1,17014,,,
517015,游荡者面具,ClotheIcon_atlas,17015,,41,,4,店主的外观装饰，游荡者面具,,,,,2,,1,17015,,,
517016,小丑女头饰,ClotheIcon_atlas,17016,,41,,4,店主的外观装饰，小丑女头饰,,,,,2,,1,17016,,,
517017,中秋头饰(女),ClotheIcon_atlas,17017,,41,,4,店主的外观装饰，中秋头饰(女),,,,,2,,1,17017,,,
517018,南瓜帽(女),ClotheIcon_atlas,17018,,41,,4,店主的外观装饰，南瓜帽(女),,,,,2,,1,17018,,,
517019,南瓜头套(女),ClotheIcon_atlas,17019,,41,,4,店主的外观装饰，南瓜头套(女),,,,,2,,1,17019,,,
517020,圣诞帽（女）,ClotheIcon_atlas,17020,,41,,4,店主的外观装饰，圣诞帽（女）,,,,,2,,1,17020,,,
517502,探险者护目镜,ClotheIcon_atlas,17502,,41,,4,店主的外观装饰，探险者护目镜,,,,,2,,1,17502,,,
517503,伊利欧斯的头饰,ClotheIcon_atlas,17503,,41,,4,店主的外观装饰，伊利欧斯的头饰,,,,,2,,1,17503,,,
517504,威廉的头饰,ClotheIcon_atlas,17504,,41,,4,店主的外观装饰，威廉的头饰,,,,,2,,1,17504,,,
517505,约翰的棒球帽,ClotheIcon_atlas,17505,,41,,4,店主的外观装饰，约翰的棒球帽,,,,,2,,1,17505,,,
517506,艾拉的科技眼镜,ClotheIcon_atlas,17506,,41,,4,店主的外观装饰，艾拉的科技眼镜,,,,,2,,1,17506,,,
517507,劳伦斯的鸭舌帽,ClotheIcon_atlas,17507,,41,,4,店主的外观装饰，劳伦斯的鸭舌帽,,,,,2,,1,17507,,,
517508,西恩的面具,ClotheIcon_atlas,17508,,41,,4,店主的外观装饰，西恩的面具,,,,,2,,1,17508,,,
517509,复古墨镜,ClotheIcon_atlas,17509,,41,,4,店主的外观装饰，复古墨镜,,,,,2,,1,17509,,,
517510,大佬墨镜,ClotheIcon_atlas,17510,,41,,4,店主的外观装饰，大佬墨镜,,,,,2,,1,17510,,,
517511,针织帽,ClotheIcon_atlas,17511,,41,,4,店主的外观装饰，针织帽,,,,,2,,1,17511,,,
517512,西恩的面具,ClotheIcon_atlas,17512,,41,,4,据说是西恩按照终结者的造型打造的战斗面具。,,,,,2,,1,17512,,,
517513,恶霸头饰,ClotheIcon_atlas,17513,,41,,4,打败恶霸后获得的战利品，里面好像有点奇怪的味道。,,,,,2,,1,17513,,,
517514,特种防毒头盔,ClotheIcon_atlas,17514,,41,,4,店主的外观装饰，特种防毒头盔,,,,,2,,1,17514,,,
517515,海盗首领帽,ClotheIcon_atlas,17515,,41,,4,店主的外观装饰，海盗首领帽,,,,,2,,1,17515,,,
517516,核能武士头盔,ClotheIcon_atlas,17516,,41,,4,店主的外观装饰，核能武士头盔,,,,,2,,1,17516,,,
517517,最终武士头盔,ClotheIcon_atlas,17517,,41,,4,店主的外观装饰，最终武士头盔,,,,,2,,1,17517,,,
517518,防爆头盔,ClotheIcon_atlas,17518,,41,,4,店主的外观装饰，防爆头盔,,,,,2,,1,17518,,,
517519,游荡者面具,ClotheIcon_atlas,17519,,41,,4,店主的外观装饰，游荡者面具,,,,,2,,1,17519,,,
517520,小丑面妆,ClotheIcon_atlas,17520,,41,,4,店主的外观装饰，小丑面妆,,,,,2,,1,17520,,,
517521,重装恶鬼头饰,ClotheIcon_atlas,17521,,41,,4,店主的外观装饰，重装恶鬼头饰,,,,,2,,1,17521,,,
517522,小丑皇头饰,ClotheIcon_atlas,17522,,41,,4,店主的外观装饰，小丑皇头饰,,,,,2,,1,17522,,,
517523,中秋头饰(男),ClotheIcon_atlas,17523,,41,,4,店主的外观装饰，中秋头饰(男),,,,,2,,1,17523,,,
517524,南瓜帽(男),ClotheIcon_atlas,17524,,41,,4,店主的外观装饰，南瓜帽(男),,,,,2,,1,17524,,,
517525,南瓜头套(男),ClotheIcon_atlas,17525,,41,,4,店主的外观装饰，南瓜头套(男),,,,,2,,1,17525,,,
517526,圣诞帽（男）,ClotheIcon_atlas,17526,,41,,4,店主的外观装饰，圣诞帽（男）,,,,,2,,1,17526,,,
518001,女式工装鞋,ClotheIcon_atlas,18001,,41,,4,店主的外观装饰，女式工装鞋,,,,,2,,1,18001,,,
518002,服装设计师高跟鞋,ClotheIcon_atlas,18002,,41,,4,店主的外观装饰，服装设计师高跟鞋,,,,,2,,1,18002,,,
518003,化学家高跟鞋,ClotheIcon_atlas,18003,,41,,4,店主的外观装饰，化学家高跟鞋,,,,,2,,1,18003,,,
518004,哥特式靴子,ClotheIcon_atlas,18004,,41,,4,店主的外观装饰，哥特式靴子,,,,,2,,1,18004,,,
518005,艾莉的帆布鞋,ClotheIcon_atlas,18005,,41,,4,店主的外观装饰，艾莉的帆布鞋,,,,,2,,1,18005,,,
518006,紫色战斗长靴,ClotheIcon_atlas,18006,,41,,4,店主的外观装饰，紫色战斗长靴,,,,,2,,1,18006,,,
518007,废土登山靴,ClotheIcon_atlas,18007,,41,,4,店主的外观装饰，废土登山靴,,,,,2,,1,18007,,,
518008,恐惧机械靴,ClotheIcon_atlas,18008,,41,,4,店主的外观装饰，恐惧机械靴,,,,,2,,1,18008,,,
518009,冬季棉鞋(女),ClotheIcon_atlas,18009,,41,,4,店主的外观装饰，冬季棉鞋(女),,,,,2,,1,18009,,,
518501,男式工装鞋,ClotheIcon_atlas,18501,,41,,4,店主的外观装饰，男式工装鞋,,,,,2,,1,18501,,,
518502,手工工装鞋,ClotheIcon_atlas,18502,,41,,4,店主的外观装饰，手工工装鞋,,,,,2,,1,18502,,,
518503,工程师皮鞋,ClotheIcon_atlas,18503,,41,,4,店主的外观装饰，工程师皮鞋,,,,,2,,1,18503,,,
518504,铁匠登山靴,ClotheIcon_atlas,18504,,41,,4,店主的外观装饰，铁匠登山靴,,,,,2,,1,18504,,,
518505,伐木工工装鞋,ClotheIcon_atlas,18505,,41,,4,店主的外观装饰，伐木工工装鞋,,,,,2,,1,18505,,,
518506,装配式皮鞋,ClotheIcon_atlas,18506,,41,,4,店主的外观装饰，装配式皮鞋,,,,,2,,1,18506,,,
518507,战斗长筒靴,ClotheIcon_atlas,18507,,41,,4,店主的外观装饰，战斗长筒靴,,,,,2,,1,18507,,,
518508,医疗工作靴,ClotheIcon_atlas,18508,,41,,4,店主的外观装饰，医疗工作靴,,,,,2,,1,18508,,,
518509,领袖战斗靴,ClotheIcon_atlas,18509,,41,,4,店主的外观装饰，领袖战斗靴,,,,,2,,1,18509,,,
518510,日常马丁靴,ClotheIcon_atlas,18510,,41,,4,店主的外观装饰，日常马丁靴,,,,,2,,1,18510,,,
518511,大佬皮鞋,ClotheIcon_atlas,18511,,41,,4,店主的外观装饰，大佬皮鞋,,,,,2,,1,18511,,,
518512,废土流浪马丁靴,ClotheIcon_atlas,18512,,41,,4,店主的外观装饰，废土流浪马丁靴,,,,,2,,1,18512,,,
518513,子弹马丁靴,ClotheIcon_atlas,18513,,41,,4,店主的外观装饰，子弹马丁靴,,,,,2,,1,18513,,,
518514,野蛮人战靴,ClotheIcon_atlas,18514,,41,,4,店主的外观装饰，野蛮人战靴,,,,,2,,1,18514,,,
518515,废土尖刺长筒靴,ClotheIcon_atlas,18515,,41,,4,店主的外观装饰，废土尖刺长筒靴,,,,,2,,1,18515,,,
518516,海盗靴子,ClotheIcon_atlas,18516,,41,,4,店主的外观装饰，海盗靴子,,,,,2,,1,18516,,,
518517,钢板尖刺铁靴,ClotheIcon_atlas,18517,,41,,4,店主的外观装饰，钢板尖刺铁靴,,,,,2,,1,18517,,,
518518,机甲仿制铁靴,ClotheIcon_atlas,18518,,41,,4,店主的外观装饰，机甲仿制铁靴,,,,,2,,1,18518,,,
518519,皮制尖刺鞋,ClotheIcon_atlas,18519,,41,,4,店主的外观装饰，皮制尖刺鞋,,,,,2,,1,18519,,,
518520,流浪者皮靴,ClotheIcon_atlas,18520,,41,,4,店主的外观装饰，流浪者皮靴,,,,,2,,1,18520,,,
518521,金焰防弹靴,ClotheIcon_atlas,18521,,41,,4,店主的外观装饰，金焰防弹靴,,,,,2,,1,18521,,,
518522,丧尸筒靴,ClotheIcon_atlas,18522,,41,,4,店主的外观装饰，丧尸筒靴,,,,,2,,1,18522,,,
518523,冬季棉鞋(男),ClotheIcon_atlas,18523,,41,,4,店主的外观装饰，冬季棉鞋(男),,,,,2,,1,18523,,,
519002,琳的剪刀,ClotheIcon_atlas,19002,,41,,4,店主的外观装饰，琳的剪刀,,,,,2,,1,19002,,,
519003,左纳的手工锤,ClotheIcon_atlas,19003,,41,,4,店主的外观装饰，左纳的手工锤,,,,,2,,1,19003,,,
519004,威廉的铸造锤,ClotheIcon_atlas,19004,,41,,4,店主的外观装饰，威廉的铸造锤,,,,,2,,1,19004,,,
519502,琳的剪刀,ClotheIcon_atlas,19502,,41,,4,店主的外观装饰，琳的剪刀,,,,,2,,1,19502,,,
519503,左纳的手工锤,ClotheIcon_atlas,19503,,41,,4,店主的外观装饰，左纳的手工锤,,,,,2,,1,19503,,,
519504,威廉的铸造锤,ClotheIcon_atlas,19504,,41,,4,店主的外观装饰，威廉的铸造锤,,,,,2,,1,19504,,,
519505,海豹短刃,ClotheIcon_atlas,19505,,41,,4,店主的外观装饰，海豹短刃,,,,,2,,1,19505,,,
519506,钢管,ClotheIcon_atlas,19506,,41,,4,店主的外观装饰，钢管,,,,,2,,1,19506,,,
519507,恶霸的蒸汽锤,ClotheIcon_atlas,19507,,41,,4,店主的外观装饰，恶霸的蒸汽锤,,,,,2,,1,19507,,,
519508,佩太刀,ClotheIcon_atlas,19508,,41,,4,店主的外观装饰，佩太刀,,,,,2,,1,19508,,,
519509,中平太刀,ClotheIcon_atlas,19509,,41,,4,店主的外观装饰，中平太刀,,,,,2,,1,19509,,,
519510,简易电锯,ClotheIcon_atlas,19510,,41,,4,店主的外观装饰，简易电锯,,,,,2,,1,19510,,,
519511,聚能左轮手枪,ClotheIcon_atlas,19511,,41,,4,店主的外观装饰，聚能左轮手枪,,,,,2,,1,19511,,,
519512,伐木电锯,ClotheIcon_atlas,19512,,41,,4,店主的外观装饰，伐木电锯,,,,,2,,1,19512,,,
601001,长尾玉兔皮肤,petIcon_atlas,icon_pet_03,,51,,4,中秋节特殊宠物皮肤，可以获得「长尾玉兔皮肤」--宠物的装扮皮肤,,,,,2,,1,3,,,
601002,月桂粉兔皮肤,petIcon_atlas,icon_pet_04,,51,,5,中秋节特殊宠物皮肤，可以获得「月桂粉兔皮肤」--宠物的装扮皮肤,,,,,2,,1,4,,,
601003,糖果幽灵皮肤,petIcon_atlas,icon_pet_05,,51,,5,万圣节特殊宠物皮肤，可以获得「糖果幽灵皮肤」--宠物的装扮皮肤,,,,,2,,1,5,,,
601004,捣蛋鬼皮肤,petIcon_atlas,icon_pet_06,,51,,5,万圣节特殊宠物皮肤，可以获得「捣蛋鬼皮肤」--宠物的装扮皮肤,,,,,2,,1,6,,,
601005,圣诞小鹿皮肤,petIcon_atlas,icon_pet_07,,51,,5,圣诞节特殊宠物皮肤，可以获得「圣诞小鹿皮肤」--宠物的装扮皮肤,,,,,2,,1,7,,,
601006,雪人宝宝皮肤,petIcon_atlas,icon_pet_08,,51,,5,圣诞节特殊宠物皮肤，可以获得「雪人宝宝皮肤」--宠物的装扮皮肤,,,,,2,,1,8,,,
